"uid","apple"
"18cdf7a3b7914d21946661d3e3905dfc","001847.ea2c74c0bf51466aa5dbf0ad96834d27.1706"
"541d9797480648ad9235447027fb3498","000601.e04204379fea44c99d4c418e3386be58.0655"
"3956fc9dcf8b44c8af4e41e5cf8c5201","000911.bbc1c60911ff4e589ad5ef52283f6c19.1822"
"75cf945b6de148ee866c75c79eeb74b5","000323.1c8e65d220be4fffbca58dd958ba374e.1157"
"fa858e05009d4eed9bbcbd58e9ffff6c","001651.a16ca9b75f2c4391ad828241e5831616.1335"
"39db2780bb124966a7dd9d108bd8f0b1","000020.aaeebd48ad874b3380fe15c52f9c4949.0900"
"76f2c05daacf4482aa1db3fb342b2d3a","001303.c258c95e7574409ca9c627f6769086f3.1106"
"45aab3c1a9324ebca21837bdf1c24007","000339.86f4f4ce6cad433d82e76c396ed32d6d.0110"
"d8e3269ee1bc4119a33c8b358dc73dfc","001533.d762c59604eb43409776a99624afa2b9.1541"
"1b9b8efac8a84deea14b38e9d9404fea","001698.644cf69368ee412085bda9d548e17f00.0409"
"ea2e7eb1ed0e41e1a67eb96c8879e536","000091.c9a46e5c1184430ca837b37633720096.1815"
"a4fbf9c0ad3c4e509428dc36a7752a8b","000436.f579a275e4dd476481870434739b18fd.1931"
"b716d727d51c43b784ce727160e6d637","000710.ff91a71a5072406a9d88244f3da72516.1255"
"68f528c3344e4ee9894d44a65d33809f","000840.30561f5e75a74e209cee2f5832c6f510.1619"
"cb307b9ba1b24caaa7c6b0493e211e20","001094.e787dc4014f94cf79f801fcf2fbd3794.0937"
"76b383f96cb54acc8fd1fda78bbd51b5","000412.afe54a26e6cc4f1694ff0393800ed012.1902"
"1f283022a2314db4a9eb5ff7952b0ec0","000290.f733ba2004314bdcb0b2421e6a95b20d.2313"
"cc191d84e63e4764b9a152bbe7fca1f1","000843.f18228aea0384d45b74b2b39a1ca79b2.2130"
"7079d13850b2409cabd044a50bd12f82","001238.6976d2a26215443096082a89a992a78b.1835"
"9768f3d98d544b459cbf66b883811f1b","001437.36d41a2a1504462b9bff5049e687b52f.1344"
"2db3dfe3b77b444eb73ae21a8bd868bc","000068.0bf42dd4bbdd4d6fbe0ba2baca678557.2118"
"e3dbaddfd28c404f883867c9456b66e8","000110.0af040c612124e1caab38e71ca61e4a9.1405"
"67323475278a46439e649dbd439538d8","001958.ea0b0bdf4f3b4fe985a9b66c91594449.1519"
"059314318913441684fe91d12d92c238","001634.f4cfb42e99b6409b9d40aaeca67c1027.1824"
"eaa5cfba83e5446d9c1af419dedd9c4c","001931.1faacbed85a44e73b2a53aa388ab9867.0331"
"879a5f3636114b66b24afc394cd821b6","000085.46932f408eb549609d4f45839c6ce340.0454"
"8bac09e0c65a43e3a64cb5fbad0d6e86","001234.e2d8714bee6b4a498ce2e1cee8fd7c5d.0532"
"070ca79b686249ce874bf95fdde05ce2","001509.e0d3e53d7ae94d40ac3990d71446ac78.1036"
"68f015604f004e85905e9af08c00a35b","001595.8659be38a3e745908818235f7beeaece.1100"
"2fedb850d5fe45159507aaac0d7c9d08","000705.87b4591f0c004fb9bd304f8296dd2cc6.1639"
"63d2ce923cae4b619d178d7dc82f9262","000610.5a7601ba7f794b04b55d2fc45b58d6d2.1656"
"9e2097991cf549f791951e96702b7d7d","001608.ecd51280acdb4965a7a5cf7dbdba707a.1728"
"14758e5264804fabab24052c0a403a0a","000804.d873b2c70e794b7cb00d6f9ccf9e710f.2100"
"39c857afb55940e3902c970e83b44b16","000485.5291a58e1cbe4793b3726228ee3656ea.1633_cancel"
"d065cd06f6e14395b44968a3793fe128","000773.e448b900c34348a892e525b2a2e1e871.1644"
"6b593c61feeb442b8ee56f13ae34dc66","000583.be1df31f07c84d9489bf66eaacc20675.1848"
"78bcb943da224f628e2d4bcee4e54d2d","001326.1b48ba236dae44878d0a7d6edcdb39db.1911"
"85db85b5c1bc40629e5aa4338bdc3717","001158.7adddc4e5d394058ba0ce8d488a45a55.2058"
"754e4f1ae485472c8d7c76378bd1a629","001081.b7ba795ec5154028a75d4f5dbaf9618f.0340"
"d7f3d9864bfa48d1ae996150c43bbfd6","001847.bc48a9ce74464a69a6b4382a366d2f16.0438"
"0ea04297ad964578b65e4686d6cc76a6","001449.6ce92bfd09e744858c97a54504621ac3.0448"
"c17b148822c64820b8d9d3670aa6d486","001989.57cf21caf6e7446083aa564d55beabc5.1653"
"67bcc132c2694ba0a5993ffb2415739d","001077.c2438aef8dee411ca20b5ef85691cc46.0217"
"6c073bc8c63a41628c5e9671edf03dff","000266.7c9fda1a9e3b44f49ebc3145c96143bc.1059"
"afdd08d3de6a48899777ee159157458a","001384.ddc16b2de44941fda401ba519000d279.1216"
"52a0fee34a3e458daaa0125ad5d90fc8","002025.598788479d7b4402a07d49cdb4b34731.1645"
"dc10bc2450dd471c88094e58893029ff","001204.e17fbf6d56334795b4fd350e1d0532bd.1723"
"9bc547a2215a45fdbf29fc70d6f52f1a","000943.e205fc4cd7d040ed8297fb56bd3c8bca.2139"
"f7fbea95ef924fbeb6a6727d1fcfe41a","000918.dd6fb72207e3474f930ab1692ff9a2cd.0017"
"01d07372a6da44ddac589fe825270b25","000509.9c904d37ff0747718455984a0afcc553.0021"
"38554e19d5204af8bcdf6f6f2cc5dbf0","000439.cd74ac0a935d49abbeef1d7bc01eb3f1.1519"
"f66d1ce9d0104a66b8e0ac71fb31dcf8","000223.c134d77ef9144bf79d75d13bdac76dc6.1706"
"8e6f7751a1f142adad7d23f97f3f734b","001356.c532ba8c59404bd6aa5e0bfdf4f294fb.0103"
"b5d78ab96ac848a08bd53c712096889f","000528.6dc41c190f714bcc8a18896d334aba72.1026"
"6f1e0d04c9fa41c29f49b77c2366b084","001078.e243511a46c846abb115d2df9c4e8747.1104"
"20859d6c4b6e474e826219e665545d88","001096.ec3e8cd782704f65b55bb629d84bd362.0045"
"1e7145fa166746b1bfc7197c2d7883c3","000781.8b2b74012dbf48babb31337f525eeda3.0130"
"0c00a855bcc84b34856ec6155e3742c7","000722.3bf5d04ddad84bb5a45bf20dc938d6d3.0151"
"f63f57c1912446909eecdab58c9f052a","000971.078bc134e78f495baf01d99554102aaf.0423"
"7f527c9bef2544fba56c16bc9de18be3","000454.068ea19948244fabb064a354371a8422.1036"
"102bcf4628c04119ba16ff76dc9509f0","001998.511bca8aef9c4d11afa00033af614f2c.0652_cancel"
"fa9e69159697496ba0569d05bb359dc8","000523.765fbad297974e3e9189d575639ff469.1451"
"2798cc6c017a4f17bdc3ee1f8dfb0b8a","000218.44789f0e67f548249f31bb8fd7f7393d.1728"
"d9fd1d57cd864e079f707f94ab70c299","001022.522fdaffba934f00892870cd20e75fe2.1448"
"f5551129fc8a4f13bac7a2e72d8144a0","000160.8a455f1ed508487bba51a1fd0a758ae7.2151"
"56f132fc4e314642b3bdd0320f3c6864","000110.8f364f9636a14011b45a14045f9ed1e6.2201"
"a4438252418e4ef38d15aaf9bc2cebb2","001662.ef1884f125f84c6cae8158337b4d3bcc.0419"
"0796f6dce33140cc872b26c8fbf3eb8e","000407.ecb4ef84d6ef4604af7ee4042d0fb981.0609"
"21a1be5dc8d8485c86e0d89f5eaa78c8","000614.a6b58a25fdcb4278b1fb5970cff194ab.1704"
"a7c6da3112f24d3aba4f9f8a26f2acf9","001806.f58dcd0fe762460d80cc55ba53d581ed.2033"
"5f34df8b537f4687b3271620f2cc22ba","000524.b0b33dd45c514466b2ea1ac0a07c452d.0521"
"f945fecfbe88467781b31a1f0eb2b453","000984.4f033a4ba6d7476cba0f1cab14f4b0d2.0609"
"4f0d14aef64a4661bf262601c17b5997","000179.50f4e23c76e2483aa4f094b16ec69292.1112"
"103b20bb6d874449b4f5084647e16769","000251.d8fae5e76fae4940afa85ba56ddccebc.1257"
"ed7777f4bb02439abf769c6431e729a8","001621.852f81dac0044b818b382339bd2c32a2.1712"
"e9faf981ee7e421a90d322208af5661e","000214.c0837c4bc51e4290a0b288bb5698f522.1932"
"a517c539d1e648cea137cdf6a61e4569","001919.eec2e9d70e324416a89e7496ff559111.0025"
"76cfd22fac834f05a4f231c89bce4ad0","000586.9cadee49bcbc4781894c14700c1d9315.0222"
"74dc6e7ebfa9442493bc043634c5167d","001454.1d485192821645739b9579f9c2d8ead1.0412"
"76ca603f81154d5baf4f836ef4f2d13f","000524.f9142fd1148749fdb7b08d32df5a3f85.0416"
"79557b0d3ca9402b9cf376d01f9c57f2","001230.b43e1a12d8274b45bcc88b4ce12e9837.0712"
"70de869efacf4f4dbc3df76f458ce2a5","001886.d170fc26c2fa4e1280b4e76a8af3c833.1655"
"c4b017cc51314e4ba37260716c21ef16","001066.559c9db5dfa94a83a2e357990236a6f7.1927"
"a91510f90afa4f35b074ca30223404d2","001607.58c70c668c36411ba29af4fc2fcd4dc4.0008"
"50759b5cb77d418f99fa9ec238ab210d","001400.c58aca82aaf546a8bfab92fcd48db2b1.0933"
"a16a43991f43492ba8998d8ac1c8500e","001859.c62673d019d94ef592d8aa4f9f73f3a1.1326"
"73cd91a2eadc4822a60a27eeabf563eb","001155.f9ba3f29a22a46c98d9792f2007d2c7a.1351"
"8fdcb84796c24efb9bc06e4697d1459f","001588.11e4a15a5e584091b0ca26b8c7f09d9b.1723"
"c2139f58243e4a699ed86232eea4b711","000917.0d942ec4861040cea4049015c2889e75.2235"
"05fcf3f78a814269b46046ce8567a29d","000950.64c070f081854f8cbe93a818b088f635.2359"
"a34060fc2c45484bb502f6f2b7cbaf02","001206.b0f52e38505a4ef788a05be98e59496e.0223"
"af5bd3bd9fe34ff194a90fc169fe4d6d","001932.29b6e4e92e2c434e8117bf386d05e3ea.0545"
"0eef9df85cc14dc980c94d5e20f391c9","001763.6e60419c55e2412ab2b70e94af0d7e7e.0713"
"cdbec297c5dc4330a0ab6239a2670954","002022.a78529ffc8c640daa687af09e4575515.0852"
"56117a7f96064df28fca09739eb7771a","001113.42eb43d72c7d42b6ac6e514bd341e8d0.1022"
"3ca635a8f692432ba5a97b8c80c51d0c","000805.63a5998cb92f4027bc593f88d1369359.2227"
"91b4e84ecbb943479d3b262cb3f3bc78","000321.e54e32eae6674b3f84a1c5bec5a5e258.0234"
"0425485e771c4e92b1d9094264882c85","001249.75915bf31a3f499993189cc92a2df612.1539"
"ff0a7b9a58974caf9ae4ba1ec24142fd","000860.a2123469a7084a57871b367a7e205a6d.1827"
"81dfe797a8c34baca43a1270890366c0","001477.0d56679df9fb495db4adf22867ff6195.0853"
"86d2109c2c254374be62cc9b3f7eda18","001393.c4fbd77139a346cc98e71eb6fd380f30.1746_cancel"
"c4010f25a94a4ca888660744f74005ff","000503.689ae53a80eb48ceaea0954400a3f4a8.0003"
"fbd93bbc8d5747fabb1a94de13f80004","001653.8e4bb2e654ad45c89e3b3bfccb2700dd.0744"
"6522ff1813c4433189952c85dc7e1b44","002020.62b903f11b274205bc04b363a833758b.1136"
"ff15abc943c04515b6f64b9881935348","001717.27833d57e3874423bd7e3e124581e8ef.1536"
"3bf70aab9cec408986a4633ba6782663","000287.54d6b0e968ce4038b960828cd8ece7a7.1935"
"340f9fabe48d45f6b1015ac4af446b48","000485.2712d978003b40ef83e7799b9d57c5d0.0004"
"ec9c0fed248a4f0da26a2408886d7683","000823.50ec58098f294b769ff88522d75afe30.1430"
"eec8cd3621184165b8bc69e00f64f78d","001760.7f2dce13fe424662a9e752cf14e96510.1607"
"bf4062f8301741658a12886fdb58cc14","000976.9d59a4f7cc714d1c9823e67eefded2af.1620"
"745658c1f7de4e91824b778b11c1591f","000726.f6a53adc4c314c51b7ecbfe5a74beb3e.0031"
"ff9663b6b5dc4583bcd790e8c8affc8d","000370.afe4e45b6d724156b68d75eebbda78e6.0057"
"921f067192de472f8392fbd729248ae5","001442.3c6c4d1eb1334a62be5d8258ecd6a9b9.1311"
"e136a74829f048e2af3697c68b05a8fa","001403.e42c51f54aec4808915bc3cfec811c52.1429"
"1fc87fd8e68c4a2087cfd54499e61d6b","001119.9c87140755f7494ebb6f42aff9475c27.1531"
"6a1a4a0cc10c466998376aa42426194d","001744.cbc7c261919d41248ba6fa255b04040b.1657"
"11c57260450a4a1db960957711940b7f","000384.d7ba1dc6376e461b8d6f643a0d11bf8a.2018"
"15cee9676a65464dabe771a25c32af5a","001905.3ab581c2761f407b8e949bac8a9ec67c.2228"
"d9b13f2ba2bb477da7c03f8204341993","002014.fed8dfda45a441eb98a580e8bb1a1e55.0434"
"2fd22a8aeb5a4926b8f7e12b86cb1934","001014.3c5a29de634f421fa63237b7b5a5dae1.0547"
"c646ef67952c4f588336e0c95c9d5cdb","000734.b042acce2630432d827470be13b21802.0819"
"f6bed1d345ff4801ad119398da466a73","001777.a13040f1631547c1b4b1ee2fe8c6cfdd.0958"
"14a63a2f9fe044eeae0d2a5e730f40ae","000588.275a143eb3724df1b8eab2db9c6f2e1f.1220"
"81794618257d4ec4b08eb5373c8499d8","000716.007bd63154c44bf0b6d6a3c405ca541e.1234"
"e685d5d287b34957a2e934d0e97af33a","001231.a6982a6670964a1abe86b87bdaf51b40.1330"
"e3ab7d4ce3874a0999861c87c93b3b3a","001031.fdd689adc0014d36a449c2111517f7ee.1744"
"ad944b2fe778473c9f4e90eea5aaf412","000474.2526663fd3eb4d399c0e48970b9976bb.2246"
"8d3e307f69c041b781d8809c22577b20","000667.787dcef2709e4e68870519191eef5abd.0848"
"fc058533906246dea1877becbe7a393a","000519.b953a69f7c3d42b4a353c4b2372ae43c.0959"
"8b21d442b56443319b2f94ef373e72e7","000086.35a49c9d30894c16b5dd1cc5402afb16.1229_cancel"
"47d059d0666446ecac20e5bf182e447f","001297.35cd3e39787c4ee681c3a97e86bf3410.1453"
"9a06b28880af49789a115ccdddf13b2c","001993.57e8696359484187ab02e30736983980.1624"
"d841ce3348654412a871e92b2cfef4ac","001858.35f77493a7824fd8bf388166b8eabf43.0212"
"648551b7b24f481cbb2956abc9afa084","000691.e2f175a66e714a9093db3459994ee7b7.0950"
"baa9033ef90e4bf69b11f1a8fdbebe8b","001199.b2dbccd006ce4515849b319ab09a0a5c.1401"
"bac584422caa4ea1a1a9e9a1957fe8a6","001043.b692b54207ed4003a569fbfe57d82b75.1700"
"90410e9933ba42449a9757a63c6c3105","001500.eae8a3e72e5b4ce8835e50702e1289d4.2349"
"e3c416712e7f44a4b166321457302ec9","000472.e12c2319270e46e29b89cdf46e2d6f60.0043"
"447ec23751ed4bbab77f67be649e9bbb","000944.cb0971e53e734789ad88a9acc6827764.0253"
"4448a66d1dc64d2197ef965e898e9505","001391.7128b310f95c4b7e94af1b9c69cdc310.0742"
"97bd544fa8394ebc9f0f8563925af1bd","000480.8e9d08f8c9d5450380b94eb794eb78b5.1310"
"a83e604dd4674d30a63455f799f542f1","000361.7f8b83204840409fbd0903975d87d2a9.0940"
"61876d1c3daf45b69192eecef86bd098","002038.8169d95765a24b9c89c12f0c38d5cec0.0613"
"eeec08078b134bfe8ae7cd599e8ee6dc","001698.6f941a25cb84440fbcbaae3c7f5b1ba3.0719"
"6434e74cd0cc4ff0bb2dbd0a88eb747a","001367.c1bda885c0f849719acf3841495f786e.1212"
"7f818677dafc48248cbb13789ca9c3fc","001585.c7d60a9638af415186e0726823e00006.1315"
"48995751feec4c48909cad254e0774bb","000142.5f12c5277de147cc8e7de07beafeb1df.1604"
"8242c21a0b5540a7b37476748e4e8e36","000000.e95002ab920d45debdcb2dfe4fa4f4a9.0301"
"3a93c358f46144efade650e5103ee530","000213.7dfeb7011f8741e5971b11756810cfcb.1339"
"d4a7a8effc2c4fbe9779f39c1358f63b","000381.de090827acc848a0a0fcc9240c854fc7.1749"
"5e83ab6fb17b4f368e7e831e3de74222","001324.725e4696ab114c53a9cc86183293acf3.1801"
"c03f95c74f8b427db47fe9b6bb93695b","001394.9026a62ac5cf4a2bb765065ed052e237.1907"
"a1329508f315422381667006ffec4969","001485.db2867887b8349a4a363f90309905176.2000"
"5b5dc66dd7834f7c85df94db0de98240","000686.b8b215b5830944a3b479150225675429.0826"
"c8f31c7fce934f75aa679cfe8a5d1735","001245.1261d8561eac46bea6142ed58614d03e.1037"
"d1f17e01c00342df804540e4d08727bf","000267.2b2624fcb6d5410b96e59b10d6e4c3fb.1044"
"f2aefe56fa5e4e20b0bb5ae40c0ae327","000076.b09256ad4fa5443a87173339e5aad470.1259"
"781e9e46ad0849ed85d00cae0d261bcb","001666.8e0aa74793fa45b4a4b580593f819f8f.1649"
"3403b4454f414cf684cc0a59a3a60beb","000608.8abf7ddfcc254d5a96cabb45f3df9503.1746"
"482b304c490b44b594923274ef4ec14f","000788.c1103447200e4106a413d7849c0f086c.2125"
"5329d0ec68e548c89b1cb7d9771c3267","001697.934db0c9ee6146449aab82fe884387e1.1749"
"60ebdeae9c68401ca16a650ad8d63da6","000077.142983271b194e50bf596aef16622109.1750"
"5db7d11ecef64fbcbbf288d6b850a191","000925.d857754c4d714bafab2214f4b8067f3a.0935"
"2083a9f5b6494b209bf4c86ce73e0b86","001648.19cbf8ffab174440a2f903b2e18db9a6.1006"
"9def4086886a4b1e96886d1dcf3f1c2f","000598.136e73625ef940d4a941a52ab6112782.1237"
"579e53512945462eb4d745850e5e724e","000455.d3be6d92e41042deb30e53fa1e831d29.1745"
"47224d09e7db40779ed04d9e0e4314f0","001370.4d819aa2e0f54298a88e2b344bf1af7d.1748"
"c0130408bb9d463f9c9b0e0a9c32416a","001868.3c22075ffc0341ae85bbf6da29c46f93.1914"
"67a884c14110451aa84e25b6f328949a","000436.b3c90f887df34c27b886cf389e2e9515.2221"
"ff554c66a10640d0a8f544d73e281f2a","000065.29b3cc5d2cb54986850d86c67a0aa6f8.0920"
"4e46b3f844cd490ba801ec2752a0e2ca","001181.ca896262d6794a1096f304e5d49000e4.1705"
"b95a07d0267b44ad8d6847ee891be700","001385.9425667d563341de8c154d4400bfce12.1825"
"8a8cb7ad60554e2ab87981689962b3ad","000037.c4b556f7e16041fe9ee5e7837e7a2030.0054"
"828b189ee7d848f59d158d4724903bed","000842.ef583da5317145cd897b80471f8c205f.0618"
"e37f7b86a23446008b6379ef9bc5d92d","000932.5ec8a3e6a4ac4341a720811a17f7065e.0837"
"418ff833fbb5448e856f5a9b7055c5a3","001332.11ab54dcc827486882d36235d20ce09f.2042"
"3fa49c3d49964ddaa916b59c4d2e78b1","000638.7d6b1b48309d4748851a29d6e57d38ec.0612"
"54a92418bee24014b98c32cfee4f0973","000800.1cbba77db9284f91a01832dce9456557.1351"
"a7766579d19946c7a461914ad14b3404","000220.50e5cb30173f4631944df90220d643e4.1631"
"4212340b0603492995895587bd137539","000606.2bdde8281f604c0eb2121f67dc25eef5.1700"
"51b6d6172a4d4cec904d5b85b6746818","001763.d7f9478f07f54b78bdb9784f5fb13b36.2141"
"fc14bf8106fa47e380284537aa0d5c30","001369.30f1f8cf6ca449e38135f1b989385506.0616"
"2d3d9ceb31fc4dee9ddd667d7412a924","001445.339fed94ad6349c888dfa349c6d34229.0749"
"5c8dc9aa35f643bba850b9109c8a8e3e","001392.e4deb5493d8d4c2585784ebc6ec85a3b.0820"
"8568f971ec104cf58340a5a756926480","000798.95e4bc8278144181ae5b290f274ec61f.1052"
"9def01eef2b9482aaec10279652a44a2","000979.479eea4d1298482c8c468cff78bbe496.1128"
"28e670f61f6340f5ac2cf7798bc0f799","001159.88c4511bd12d4c0da5b890fca64d184d.1409"
"b80b3f33eefd4b6fbcf3d95ea102d70c","001884.1be8503c782f441692f6845035ae0e45.1531"
"688f70446b914fdf8587b9149bdf0279","001212.ef6c7b5fe7c04721af1b30b39a5193b8.2130"
"c24d45af1d8e48a49f8f997399569f8c","001099.53f4d554d9684069b44c432f71e35b82.2207"
"a116ade9575b450c976fa49719a693e2","000172.b8ac418db0fd41edba7c6b25f1f7a4ec.0430"
"18e86c0f811f4f2cb433cb97a0d7f436","001065.99f8f0bbb51647acba576a37774089f3.0447"
"c9f5c371988d4bcea62aa2d2c114014e","000289.0b3297d4aaa6423e84c45dfed1085f69.1022"
"9ab439797b82484b99d53c74bb19963a","000049.1ee718c08cc348da8b1457d3726f50f1.1547"
"3a1fec4ecd724eec87ed24a6ef7e9db1","001959.4219a5f02c594bc88d1d9dda9850cbd4.1820"
"84be69fd6ef047c2b5f87db413b0202f","000777.8c25e11226924b48aac0ad425d6a544d.2052"
"622c44658c9b4a319cd2c84ed1800913","000603.d757321e77084ed5aa1466b5115b89a8.0139"
"7ad1700099db4ac3ac45258773a787e4","001320.e78f75d1045b4b63885f384ddc3307c7.1126"
"c99f245ecb1f4d89a604449355b9ba48","001002.9f8e7cb4aca44543955b0b9d577fc32c.1441"
"8a704d8b13be4f4096ce7f07393bdebb","000901.0e0f480a03cc4fff9e4c9130af2f8d3f.1542"
"71ac9557189643a6a333fae1ac6a9e4b","001947.5866de54ddc24fa38d7b2536c90307c4.1747"
"d60302f898894864aa72dd23d64e904b","000002.cadb90281b5e4be2a01358ce2087669a.1838"
"cee35416f59148c5be6789de453b53cf","001458.572a1a47bff843a9984e0ef6dc85bf6b.0014"
"089f9351e7fd45f981feabb9057d0275","000697.fe97257c5dab4547a5a65582f7ab511c.0817"
"46744d73732f4daf949d4c57bdec5a3d","001031.900a23951cf247fdbd92d8f8952f0286.0823"
"b7d037757c0347a29535a811a18f1102","001342.877485fd601b4d448d6d51973951cc22.1815"
"f5f68206d04d43abaf073986bc3ff825","000026.da3058822ba9404389ba558319443e77.1916"
"416d37d373de438992cbca0aaa4e6a8c","000921.7b9727ff46ec43d1bafef4b95b69b9d7.2145"
"d7ad60c0a38c4d64becb879a61939db3","001441.b93c8624dfcb4eef8325091ea5b4a87f.0018"
"ae3dadd8a37348d8b58c1c53869c29da","002008.0195e622c08a43208008952978ca5b5c.1118"
"6c0d8a77592449c9b51f1da632595cf6","000503.8e2eff6e02f44118aa13ff0ab42b677f.1422"
"edff00ba2e6646599febb95985fabde4","000163.1f767102c089450d829710183e419240.1729"
"aba35f29ffc54c658ada52d46fcf58cc","001884.865df100cab34d34afc17b42dc6c53ad.1834"
"4ad0edbf5b414752bf1d5701e914b95b","000647.7ec979509c2541aab9c9460c56e16980.2317"
"a3ae507953d3485bb023a226693f2450","001118.e8736dc9354946388b18007501f0207e.2356"
"d7a6147d4b564d2f8988886d4f038b40","001990.8f1b8ceace964b7489c9ce9e7b6d4cb7.0420"
"e5b583a9eb2944089b0559f6e0fb679b","000850.91d5971d06f64672ad1da487990ad998.0537"
"0ebbb7aa08d14c3db431c7a12f3f7210","000439.7fae7fa4ee274516a8ddb94c97cf61d2.1431"
"14cc6e182c6d426989d649d4906611ac","000302.18f5888aaa21421cb875a32f3a514e9f.2235"
"44fecbe7d5014588a54455e52faf3e74","000127.16bfe65b2a2c425d983b35912daef0e7.0009"
"601500262aeb4c28887649fe71ef36a2","001059.2435245f0522467ead064fb2d2579e59.0932"
"b20d61a51f944d799a0bc6110489c2f1","000959.2e175d3b8aeb414e94106967d10219f8.1050"
"5fc609ab9901468993bd299098637109","001769.c2f49838cf5243a494a16324a4fa07c4.1112"
"514a5afa2ae4420faf69397522455175","000396.fefd4f1c505c4fdab2656aa1bd3da4e2.2247"
"89f2348dc4204ced9ffeeb1fcadf5fab","001713.f8a9f832709f4e5d858a9313bd6032b8.0041"
"ead9dc4f5b0b4739af95e6a4e26e22d4","001770.07e5c22527544f8fa5b23a8e87b45e91.0720"
"47c31ea3511847b1ab252110153ac67a","001759.725a3d3c4a8e473abe2b4f1d9bafcb9e.1916"
"d40df27ae4544b89b1dbb7316b31ed13","000799.f0d7eaae28634a298514035d3d9cddcb.0238"
"e76708fc61434ba6a13b83d744eccfdc","002035.777a13c6528148c59f62732b2c649d8b.0440"
"d82a5aee70ea4acc85d537e27857a1b9","001141.51ce7f6172194079ad536d843a90ab11.0558"
"e92f442b66fe4c3cb7f7599eb63d36fd","000801.f3f72b40592849fcbc7938920e78a0d8.0716"
"73913769245a45d2bd20f41e58ab4652","000340.eff3582e036b45fab7b4d30a2b2e3922.0831"
"2698af192da74f04a436a1bf10ca12b6","001582.bf6b82ca06ef4767b41933df2824b0b7.0909"
"13cd7d7efdd84cafa86abb869ec6c28e","000105.4ff5fa8cd9644d758fe18e5303c12545.0910"
"fec08a3224af4a3b9a82f79ba1369d79","000755.30f289f338f3495c9babd02a14cfa4d5.1019"
"4172cbc843e74cbfa44808eab9aaab7c","001163.0767fccb28534af99e007234a778f4e5.2028"
"eca77d16e7ac406682d6b76a4cb40dfc","000538.bf660574e19d484db08e359915293093.0224"
"1a2724646398435187beeded416ac5e0","000445.6d4137dcbc7f4402a80b581d2706fb33.2216"
"00ac865224a64910a54839af136bdd21","000337.4396f13e4b5c469cad34e141bd4832d1.0540"
"f78c7e0b41644ef9bf2d7d76952961d2","000256.9737f6d7b09a431ebb0f4c2c58d84067.1316"
"edf69eaae982468e8c45dd870769d9ba","000629.d7c4461b8a344f5bb5de57a464aefba9.1643"
"dee38efc4a69436e8bf20b1161daf53c","001291.29231fa711694151abe0fea265ae2087.0301"
"48478a4bcd1b4839b9e2977385dbc965","000803.8302e34ca25d4c37a6b37200c0cef94c.0356"
"6f7364aa298d4bac82e9a78eda7c4013","001109.f8416c3cc11845cebdd06bebd09851e5.0841"
"5dc495c89bfd4a3989373ccf12bd9416","001967.ba7ab73064334f41bf204ca822166b4c.1140"
"8a0aead539f542bdb5b12129ac5f2de1","000562.6e13394c90ee468e86da85633d15aa28.1842"
"8051f1696d044453a1065f372d08edbe","001987.df2fda0e2f374535bcbdfc3a4721ba47.2059_cancel"
"256b1d2801c74a61a7caae41a6fe22fd","000228.f79f091a8afb4f94af75647465ae90fd.2110"
"d2c1599b47034391a928cb5ef254e9ed","001045.f5f055d8573c42e2a053b04182586ac1.0326"
"9d5322ca11d34d39b5f91fd5b1ea7041","000511.5ea79166071848338cecd2acd6748046.2042"
"16c33f239faa442eadaac0eb48af1878","000706.91bb230cf5f84e5897a03b312389ad64.0557"
"695f7037e7e545b7aa266e7987269b80","000565.ff23b9b7e2694ef79f7cf07cbda901de.0951"
"e8da67e9745f406a8221cae1bd95592b","000951.1595ace678f741c485c136a424650a31.1509"
"e23fb2732d5d48b8ae98e82be4c3acf9","000979.de352603e6a84d5d90f09a7b5c05dd18.2047"
"d29e31ab7e614befb90cdd3955c818fe","000500.be14689cde4b4a64907d98e139727e67.0000"
"efb9720a810747f784e8c9117394bdca","000357.052e255b10ff4046bcc1b4b7cbd7a854.1457"
"f405a5bb2ec94f719adc0a51e763c262","001975.3c6d90a961c346ab85e33aaa4f5cb8fe.1941"
"73d3762698f943eab4e4e24a1b6b8a86","000340.33141f901d3c4a3abc588f242b6501e0.2045"
"53f4e9fa7f4940a6ab25ddc76f9ee30b","000326.3532d23b25f149c7b23a73106a8e09c1.2102"
"0847f61f706142c3b21a5d78d18fa9f6","001850.bdc0b3ae0604409f8169120fa133c8c0.0043"
"8910ee2dab0c41f59616b2051e53bf18","000788.b97305db2b1b4744b35abfdbff19111c.0112"
"a486490ba75340c2be4b7a4d76bc5ec2","000097.dfe2b75748af475bbd9e178bc15cf824.0936"
"63002011ac964ba5913de23d4d18d55d","000963.8d5d4450215d4a3c851d2511ab48b4f5.1501"
"6328324231a74220a2fd6f80b4c42d93","001451.879cb87db2084c06b12785396391c07e.1609"
"5ba6b8b488934b80a0a1f1845819d38f","000820.ed423f9ac62d401d8e5f5e5f69695c57.2121"
"d8b3f3670705496cb4183b1cc126cd24","001087.3de976886e9b4bec83f2d53e7a357899.0057"
"9cabc7dbbfb843519b7c58df93281a88","001269.0e3bd83274b04769b8cbb5c7ef8aff54.0146"
"bfee8e81f11346af8a67219e4ec847cd","000327.d64ef4c6b34d4f9381294e57138ad512.0752"
"fd6a51dd677e451a8b1afb0be386378e","000160.c15f6aac67f346639609987aaf59a395.0940"
"2cb65078dbb34b24ad1bbc5a12930c94","000024.b914644a474e4312a37ada810a083f00.1101"
"fa1c5633be664c479d6843e5e867384e","001943.5fb77b1872024286af176f4e7ee30948.1251"
"8e779af50e604cbf8c6d4d03db49076e","000164.e11d721696df4120961cacfed30773c0.2319"
"1d5ec43f2b2f4c8c9105c260a0837b5d","001745.fd04de0a8aba4753b8e7e915f97178fd.0314"
"c53a8c4f88744fc1a0705d75e00afcf3","000522.4ab51f97270f4d7f8078656996aeea72.0810"
"d097db8f1bf1496d9bad55f9cda21e64","000128.ee50d8dedf524e51bf2e9ec54fcd9274.1214"
"da623b261e774d36a768c106492b362d","000277.d678309f463142e090d38969fd888902.1806"
"a5d180ebb46f4966adfaabd288014dac","001290.48c485ab22d94db0ad6d2f5b82ec4f6f.2156"
"d8f29a6ab11e4fbc993c8000caeb9ef6","001883.286c62bbe9074b6ca7b915364f2d7953.2225"
"a58150ccbf364408ab35b81b00fc92ab","001679.c99161c343fe470c934aec6e3671bdb8.0802"
"c46aa94d82554eb486b5404f4f71fb27","001897.03d1d74c7d7248f8acf16e8dfba90bdd.0900"
"c24535dcaa2c4463aee4593e77aa95e5","000848.6baaab97fb2545c39c6bdd28d00cd42e.2130"
"0b2f2037d4144aac91c0309496d287da","000569.7ea24b4b28864ff7b7991b7f22b76774.2224"
"342a7fd1de9f43a9a89d2e1747fcf36b","000157.dbdd5c933939471f8d673a1b1223c125.2333"
"c411f2315fa54c269d90810b88c129de","002001.59e8e06509c34af1b03a3598681e50a1.0216"
"17317b1af25a4e6c9be1dd92b9d908fd","001202.6f7d6504eb964329a7c0337fe7ba103f.1329"
"daa64db026e14574b285d98474ee6e1b","001761.26973e99676240eeb52c93e6a42cd74a.1417"
"8e9a993deff2407da70491c6e9c11c7e","001379.cac7f511c7394e038470be55b833d41d.1536"
"366361ccc99c4951bc4c8be9c0189ca6","000711.93afbdb1157d4e41ab08f902bfca7e93.0640"
"5693bf615c0b43d89770bb9ed27aaac5","001410.b277d92d91b247a8a91890121f429a6b.1657"
"f660a497aff24841b82765c2d27d6c0b","001665.062b67329f4c407eb096aaee17657da5.1811"
"e538244611d94b00ba9144aaaee96e7e","002023.d8eb761c6d37444ba51fd25b46e256a9.1812"
"fc15f65d28d343bdac20de1fac352b5f","000918.6df3ee7d4ce840559419e24439513a11.1937"
"8a689ace365042f89c5f3d5b043b48f5","000308.d118f382004b467bbf3ad0a15b79c977.2229"
"d26c5a2489ed4ad38963751c9bb7f34a","000732.7d72331d4f5b44c78670bd532a732c38.2247"
"f7161183ee23472f8ab14944dbec5403","001406.4de537a232594c6fa85e875280f4a48b.0033"
"7b8e0a7ed1c64c719887be1879dcd959","001860.0f3556d0250144e18a8db143dd6d3617.0141"
"86e758c3e0994859a4ce33eac1fc7987","000408.5e127c21cb48463382dcd4dcf4e60522.0342"
"1a534682eacf44308bcd70c7acc8bf9c","000589.e6ac98b000f14cbb903afd6cae1ea0e8.0825"
"656bce64de62400c9147261697915e90","001432.02230e3945594740845c03b80a8f0b7e.1103"
"1e70759d49c04c73a76a7449baf18c9c","001266.6f823e8ac5da4931a5da208b2f6a9a40.1105"
"7a01a68b42c44ff0ae758e9ea0b0dc34","001073.f40e85c9fd6340ffa9d6faba9a1a2988.1309"
"951ceca496534108bdd4b5e72ecdf3a4","001516.74304d39c944487e987335fa3ca4298a.1334"
"524aca6bd98f49bbb00790f92ed4e2f3","001730.88587a968f714edd8f77501b3fb5e49c.1355"
"da96f94d9f4d46f4bee405c0f11e0225","001872.c7509a14c9d0438999a008d3a2b35e90.1622"
"ba8970ddc34d490e8be34831cf586259","001994.1db11ede10f7409a991aa8736d678d57.1736"
"93be2b692a4e43068ea114bb33366548","001434.52c4eeec1cb841c1ac2bd54aaca6646b.1839"
"1be7d7e0079447a89618ed219e044fcb","002026.b56d314474bc40d3a18236a42cd12114.0242"
"049d3647691842788e55afaa6ba8b419","000545.8684efaa036a4000acaf43f1e7831c59.1314"
"a2e263a073d442029fc590cc6ff75b33","000345.3e88732d81a947419783633335799b75.1416"
"4fc149bf020441d39c254a7a01cc1995","001999.f536be12bd284044b533b45da8ea7cc6.1444"
"babe7fd6f9ae4d50a4533b5f32be8ced","001195.2fb9033c364743b4abc7a6ae5111381e.1629"
"08ebff7c560e4e7eb677a4302bd69d6e","001000.a50b0d7bf7474a09b5ff2835a20dfb98.2103"
"999d64a35a714101bade217343935042","000538.cd27afcd89164830bf513f4993d65be4.0833"
"a737529177804fac802e742a9f372797","001131.dc1a4a2d467b4fd1b25367e5ea887a2e.1232"
"5f007395507847ae914fb0fcf81a1de4","000072.17cdef106c184897b3085efac0c4a987.1233"
"d3df6895dd2f4f4b9f712b7ccc90ec5e","000870.e5983059283849158bf0ddc018ab53d8.1440"
"69cbbceb048c4c89955f6b464416abc0","000361.604ca517204241f68ccd765f2cef340d.1943"
"eca4d46fa06040f8a78ddc1af5197dd0","000396.38074bc7a7cb48bfba3c4fd44e16ddcb.2136"
"e00a55d58fc8467cbf5376cdbf6ed591","000537.5670e85d2b8848dba7697dcb54fa5309.2232"
"06f4a4b3c0434973a4a8d92df9313fb8","001659.16a59ed48f914b08a69c4aeb2abbe667.0409"
"369c4075d355466c8cb6a3c38d4f7104","000797.595b135612f546beb3e93b11a5282fd6.1127"
"e858e2206dca4c68b3a815ed783aea76","000548.c7ea42a004364d45941e0ccf586f6e0d.1314"
"428660f320db44d6a6ccce0f44f77296","000390.dba9b9209ee347979c46d5d64d084587.1338"
"0f60a832b19e488db96fbae49a3e6e2c","001548.75488c6795304e6e900a68d205da72ce.1413"
"71e92675e3ee40a0b817f1ba945112ce","000840.e042291912f24ad09882e69a654f3ca9.1429"
"aed5c6a527674ea6b6c78b2c2bdd4363","001043.971211b8e1a14e418d62b0a481db7de8.1607"
"f6d6537dac66417aba4d747093c2c69a","001789.1ee4fa278adb4252844ff27337f05d37.1711"
"1aee168ca8ac40bea94c2a1eacc214bd","001485.313b9fd192ad487a82fb3b33a166327d.0654"
"35ce5482691041eabf66cb431e2a52ec","001775.29849ffeb2174ca1a1944fa7f52a2e7b.0659"
"196499825e2f43779b1683b31aa5ab71","002036.a369ab5bab944af89dc1e70bd45a15b9.0937"
"c0f20347eb474baca96a0e3f3cf8594e","000114.f5d83d0037bc4afd8374100ede5a09b2.1307"
"db50c08f938243e9a8b7844b2d43d4ea","001802.035c3a3c410447e488ce94df3bec6d3b.1700"
"cec64435ef604cba860333ae3ba86121","001555.34a6c45834e042888343657aac79cd49.2018"
"00a835b4ae6b423ea4bc57f6bd79cf10","001922.73e94ef5be9348b5aacaac550caf7b84.2019"
"d835bc3ede1d45e4a68b1262f8db85dc","000609.e9cd54212022450baecb05c73530eb30.0011"
"9edf22092d244037beb88cde86f7edef","000783.70b59da12f774f4283f482612502d906.0802"
"419cefd3361a48f8a7e7ae8a7317d86a","001831.2295866ee86b423fb8e61092c4371745.1055"
"253220899d094fbc90cd0dd4fc6182a9","001829.071cbab778864ce0b845b815e1ce1739.1648"
"822d217b3587496b8cc725ca75faf1a8","000557.655db89d1c6a4c838b88f076ecccc6de.2312"
"e1c8aae8d2f9464b89cd200456224b7e","001589.7b30db36653e44c3b5e8aaf0648c1fb8.0636"
"1fa6671642f34fedaf657cf0e4b39707","001111.55b39fd47e3f46c381a1f9f9555d7d9d.1010"
"ce0841a65d8f4649a010b1f959569140","001712.1a5367efaca44502b88d750159ea7d45.1049"
"4be0d4a05c70410ab87bfe84a70b0a27","001281.061371340509469585ed95c4365ba526.1433"
"e87ae41ff9d44c41a038b8921fbae8df","001870.c103c6c547f24cf98fa4fca0aa8ed78b.1442"
"6a96d53c3d484a54a3945ebd94da8c0a","000615.0799ab155896468e85e1199bd8fe6475.0226"
"fadebf575de842e2a63f1b7a93e614d5","001652.544e66211ff44b7fb18c1f5dffc7809e.1012"
"341b80da1fd64ab589c78b07cb2652e6","002003.cdac30b216eb45d385b80ad48b21c423.0810"
"654ef58dafbd4fb7b68898468cad10b1","001163.3a47f47372434b5d9e34bbef1d519233.1542"
"2746a94c9a7a4d6f9ada302e3a4762c3","000658.82416fe01a124ca4bb03b2bab83eb4c6.1923"
"c0bfc3e8376d4ed48b879d05fad48238","000775.5d6cbb6630664f709c9dcc52085b97a7.1924"
"fa3c5cd202134ba09e18768ed30c3dec","000189.0f41e8c83ec84d5f87f0ba56007affee.1932"
"ead3f729756f422a8ad4e2011c4f6119","001911.180ebffaabfe4228863685041481c27b.2148"
"4cb1279b2f284a61be99f5966f49fc82","000405.976a4c9e2a5840aeae460420805eb3d3.0605"
"b3f27d19f26c48418ef051e49b0060c0","000925.38b2d58198ff41fa990d564d32aadd14.1203"
"04c813c6a85947248175950d5faa22e7","000229.57f12fbda6f8422cb291a82e57b3dd85.1233"
"4057940874bb47d9a993e721b2325d73","000626.3e23a60f987f44c9a9de2bb8c23436c9.1415"
"ea8d504d2648476ab5bedb9131d2df7e","000660.166e6ff0db2544b78b0cb8d29b272e9f.1515"
"c6f6507f379d4fb09b4016d6a9d26b2d","000991.292e2a6ae1c64a05bbbaf3351a38214c.1546"
"483e9680c7734605b99f0919a896c27f","000401.7c8e6446bd3c428fa3b256efc1603ddc.0000"
"e1ed87cb9f2b4b98a514efad94876732","001642.f03a3a1d244242859075894eeae51043.0714"
"25066259d3ba401dacb59c5d634bf1a4","000456.a743ffb0781c480b95a944a16474cb91.0758"
"8475e3e264684066ac72da47ce8045e0","000851.208a770303764d25b3751846f7043a7d.1140"
"9549702c52bb44cb86e2adbaf3d74a52","000742.06b2765801304125939b670110c755a0.1224"
"bd1661b278ed4c03aefdf23eacdf11b4","001920.2e640b5c21344415836234316c923f13.1545"
"00b994fef60d4d0ca0193b5d357c6b01","001474.b1aba6a1c19140b2a8b3c2049c24e384.2206"
"9873aacbbf5b4348a692e8892a59cee9","000948.ea7b9b391c7c4bac83f6b442a66b444e.0538"
"618762e25b074d5e830fff551f8ff210","000367.61be6cedde0d47a0b4f998272fa3b9c7.1041"
"f0e53efacf1f407e923123970768b521","001801.11e319689a5247f6ae41bb79fbc0d0e8.0057"
"ba1abca1e52e440f98b47667e9e83d9d","000861.121ce4114e5945d284ac6178adfc840a.0224_cancel"
"db588edb9d0d4f688fc7e280f2e21884","001682.afd61132b3a64a08bc57a8abeea3abdb.1240"
"92d371ca6b77429cba706442a89a646a","000142.a0e4fe62f9f64e049f33ae4d5cc4d13b.2229"
"3fbf28f99979428b97257f07cb2dadf5","001204.fe59fa3462274e2984d73499ffef1a0c.0604"
"0e73172ead1a4313b89841b00748cad2","001428.66e5b1e42c6e49788d21f6369a36c5f1.1850"
"82adf068f0d74aefbc2a755902b75867","001043.99db26676e754d368f6fe77215c83282.1442"
"936cab02947c4e44b56de34dfed76e51","000796.01bbcf4a890e49969ba2061c43f43b88.1605"
"eb40063ea0bd4dd4a38b529cf220dedc","000656.b9bf3a0e279643dbabab8d586ee02c10.2152"
"a9f63709bfdb45f39411d48ced2bd4d0","000923.d3d488f267534f4580b3177d6d3c43f1.2256"
"404800aadc8f4730a5d227df7b74d264","001850.2040bc50cf724ea3a4f3b71e81d55cd8.2306"
"b0a21510239842e7b5c3065992ece5aa","000315.3ca7eda6eb1b470faf58bf69c3cd8f94.1235"
"e59c217c4d044bd6b3cd71a324e89611","001194.303a61c4cbb34f4bbd4483404090bcb1.1853"
"cbde5be61fe446ab904dfde5eed2e3f2","001747.d59ca4e154894f5dbcb74acd387c5f6c.0333"
"df895c05f6d34313aa0b1625964064c8","000040.7e30dbede8fc40deaec3ed5a051cb548.0529"
"e127187a56ae4e6a92212649d7b80c71","001043.a892b35fd77c4e7e9a3a33398fcb855d.0551"
"561d13d04ad64279b1401e0e384e178e","001681.87778d0b6ec744389128e253a8c94765.1354"
"fc6fc21acda24ec493c9c81d2e1b00db","000536.186735b8bd264a3ba9480878dea0372c.2108"
"f8e124aec18d4933a682316bceacede1","001626.578f2f5cfd574c37bf4f9bc8ef6f00a4.2354"
"3313ee29c79d4715b46266e83bc5b5d4","001923.9da24971ccc24f4e8852903d44714ec3.1041"
"a6985ffc3f714542bc047ba36fbbb2c6","000005.651c6f3695304bc5b4c3a47e8cf30426.2303"
"98e321bda3c24d2ca6e49d1e6aaf9300","000221.c43ea89067bf482daa68d128663196cf.0103"
"cdd25a3e14a246cda0c7d6b17ee46aa2","001048.47de253225d94c52a5b32419195e22b0.0406"
"5813adae35fe45349d83ac20d475369c","000469.91e6d5e89e224f56a8520d186959484b.0534"
"5bff05e1441a414db5feab09a74ec7d7","001484.9b67d95f45b546d2b870d6ca8afb68d9.0708"
"3fc9d219bcbe466992686493b5a81821","001926.776e06ad9b2a4ac39a4f443359fbe030.0916"
"f0e72c4fdb164b7bb6bbc8cf29c605f9","000139.ffd4d478fbf648e59d00f95809848547.1342"
"e53e767a112f4591acac0a48de78eaf0","001771.91c350914ccb4ea5b78027cb35b28ebb.1434"
"cfbed85925d948f493489e59433496a8","000029.ab1b3d6c4ff74ccba0b47a46ea39cf2f.1635"
"a90e50fc09a34f0891a2ccf81d8706fd","000570.e05b99b7771e41dba976365ddc3e8b51.1255"
"1270b007ba5c4698865b54d0070bfbf9","000961.11e1539d0722496290248c2c66a8f96a.2246"
"943f11d6dbb048b0a101b4047375f5b1","001732.ce43f10f6f2f4125a6c0b71d254ffd31.1204"
"4113489b81ac491898b83b80b42e9a21","000875.f0ad8949e84a44019695d96d059dd7e7.1731"
"a8f4522acaf942adae7dcb945a0b0071","001373.f24c39d8ce9f4a9baca32079e7985849.2337"
"edace42be7814742965c21bc4341a15a","000553.519207eebba54b789cf44446fc15b77d.0038"
"0baac49c1204482ca32ebf05c1a95a73","000477.50501f6417cc447294a2fd423f87bb72.0529"
"548f88b0538a43aa903bb2b2b39d9f73","001597.7a0785984dcc4ecd8dfff86fa91f04b8.0906"
"dcdc18b44af84a7dadc7bb6725097a49","000364.7f1f169c9f8048848664caa97f9155cd.0915"
"e994765bbc874c2c805860329584393f","000754.6fd0deb4bcc54075984c6b6ef919c887.1149"
"20bde77f70a24c8dae3f07b2eacb575e","000095.0fce58fb23574d6397a49de26c527d96.1826"
"e6e3857b0f9c4683bcf5cd43db5523b8","000249.21518e4b9950410db8d79e1dec71e5ef.2316"
"350cce3b18354b1d826359d138232db6","000620.14b97e94c85444358cb2b25d8136001c.0531"
"d8bc3fd300794d2493b661a7f97514f0","001320.385bc748ae05459faba3d2948f226d94.0631"
"f51bc8d8f7394ef8b1d5dd1e8fa143ce","000352.57040c2ef37244fab0a9355d44d9e51a.0855"
"5797d82c04e64502b00d84ab660e70f3","000430.ddd6d09ebe8d476095e09ad02345cc0e.1541"
"f9aea9c7fa0543e1890bc07cdb5daa00","001982.a19a85d074d14138ad36eae35fc15b9b.1747"
"93d7f19cfcd14e999e8abca142405436","000663.f8e25e6285b2422fb1fd964887a35bf5.1328"
"f109c3237eef4750b322eee7e2c8a198","001058.8bff8b1f58014098915998706bf75b02.0522"
"81864224b5f54bf7a4dca87204078afc","001011.8282546a4c8942a08e961bd40e0b16e2.1255"
"75f90587ffa54fcba13ae316edaf0e6f","000546.0065cd205dc5457e985dee0e69e3e8a5.1911"
"cfff7ba2df244be29e4bfdb5f40d4ef4","000010.ee88f3639d3c42afb946aba1e209326d.2041"
"90beb76bd4714fe39882d7d5c7023188","001772.bb29c268cabb45d0b530a358aebea3f0.2043"
"7aa84548018c4f788ae6a7fe33f197e4","001447.1686d95d292945aa8203638f1b727a73.0727"
"e664c987073843b6aa2017942ce68a7d","001216.e9e0c32808af4db18448cb2ec59b8f9e.1339"
"ed2d3d0d3e64452a99b3a08991c80ec9","000704.a4d642d274544c33a268bed8714a2977.1653"
"dc81581befe84775b4e112692444f67e","001252.ebbc0f686e0d436796832960d0ae64f6.2343"
"67e2fb43e3874be29b22ed882e2fe338","001233.1b483385aedd4a7e963f6e9bc8d4a6d8.0545"
"7298e83e29904f53b3fe8267e805a43d","000468.ac7a9f7f11324975b28026aa46efaffd.0656"
"37231da0f009419385f86dd923180be0","000793.64225e08f0834559982d1e57acda52ef.1501"
"2ccc3ed1b77f4ea2865616c9eb402d9a","001812.51214c924685403ba50e52aea9e03152.1521"
"268cba8e10904d5198c80e3e564238b0","000703.16508f03bec44d88b7f4068b05621947.1528"
"75f5962d83b54dbf8fcffd1e06010318","001204.cecc018b158c404a85c9ff6888138846.1700"
"e9e59b0eeb664c5da944bd820b22b857","001014.ca25e965813c4d23aab4469bd17c717c.2037"
"2e533949f12747d1af42da8158234646","001116.dbe600d1c57f4f1f801570793e37436e.0523"
"d9ef369447404c7c8d21a6e6708a54e5","000197.d3e6f6d2f2804d54b73f695fcb43ae98.0706"
"e9698067fe294b28acce6362c6fc8c00","000521.a931c1abe89c4b1fb3e2279791f7c889.1329"
"7a1d530a775744059b3c81ecb19d2b50","000216.15fc7b8f55eb4e9299b695a466135c21.1822"
"3fc0e095f7de42dbb1d5359e800464a5","001270.efa4492557d34eb29fe364e8622afba2.1907"
"a8468760107c475eb30bfabb91d05829","000162.a6e61736d1cf43049685419639874161.2112"
"52f2b3936e88480ca536e3b52edf3d0f","001261.ecc888fc6e124a72ba4fe3ce0d3ec72d.0914"
"6feefbfe247647eebe9b385d0ff436bb","001630.9b28d6dd49644cadb411bd503699536b.1556"
"19e05c345c8445469d0ce62c85007e6b","001045.a37e08a1c93042a6a2216d7b3b3bfb4c.0441"
"ac9b85ef1944408184d64c9b8d7d8476","000395.0275310cab4648f0a552fe62b7e943fd.0502"
"a2951d93ecca41c88012fe91605e7ad4","001294.ae65f214d8e044d69fbeddab692dffd3.1351"
"8c0fcf251a4b486ebacb3fa39820a3f5","000637.640bd0b795ad4aae82255a0be36d1478.1408"
"a507087e666b430ca4ec029db5a06b39","001411.4bf81c7930d84c46ac9e4142fee42d39.1948"
"41c371c68cf34198a72ea7f0061e5676","000684.3c6f159f5f514175b7c8d3cfcbeb92a4.2345"
"d7b5e8b99c054c77b0d3662deda85a17","000911.ac21afc36c2c4b2bb2b187107cdab70c.0720"
"c4f9f53f626d4740bea78acab9d96172","001959.c026d32410414dea8e6793158ab964f6.1112"
"4a8b7988d4c84de48b4b0c910505b137","000365.5f0a977fb987476aad63652da5711727.0555"
"6ff08a91293f4651bbe41e7db6e3913a","001391.341fcdb87564482c9c19cdfea444e729.1233"
"070b9125bb0244239d749158c33b2945","000892.e05242597a954d48a9b12bb62393680b.1858"
"1f211ecdf71b4b68bd87698c0903f931","000872.8fe80ec7ed504aa1926d460a4800fd98.1949"
"0a67a102e5944a778d109b9cd111f917","000309.62ed76256c5b4ee9ae8dc3a255684312.0419"
"b1222372682d498895e9e63e84e8547b","001335.36201162c6e84f81aa35ee5226654329.0738"
"08fb1affe1f645869c2c4e5389e0ddec","000892.1ee0473457d144fea142891f5754ba52.0907"
"f629109f80124865bb6b4ce6050a516d","000165.56792d8caee04e4589ef091da6e35443.1255"
"bbc0826fe3d24128a22d2838973fd882","001321.1c7be0e10c0e4b0aaaf66b1853394da7.1505"
"dea8d8505a574287890d8bb3922ff928","000196.6cfcb3d00f764d92bd77a0f831f28595.2319"
"5ded550eee8c4d808b5fae33293379aa","001369.c3733e8e60e14023b5d11c95b1057ee3.1224"
"2ba2fd33e1d5453aaff9d96f1f031254","000167.394d2d4dab87472aa6a8bfd6577043ff.1914"
"953b20b920df44aa92707e946abe3942","001583.afa363c46fdc43b7ac5db1cb043d1342.2336"
"572a0d1eb1084fc3bd7dbf9cb7fd5242","""NR1f9o7jEwczLTYFR4t58kZHEl72"""
"9affb5eaa1094c1ebf0f7233618c9e10","""VSo10tTEOAUuri5R8GFeRQussD52"""
"002ebf6e39c640caba997f8a6ecb9fbf","""001652.544e66211ff44b7fb18c1f5dffc7809e.1012"""
"8dee456123f3486d8ed50da478a8e0c7","000898.509d5548e88345ac849cf2d68cc0eba3.1930"
"a6ac718e070b43a784a2df0097c632c6","001034.5d3062838d1942fb8a20e5f0e80934b4.0748"
"bdcaa40cfc084a08b7a387a16a8a8f63","000818.07af08b051274bb6a9ac39bb93b4e64b.1112"
"629914721f944f60bafc08bd91d3c4f3","001375.d229359e281e4459abdf5cd87d3577b4.1441"
"01c3676718414f6faa72e608431da569","000802.c10a40b6469a4ea59b252c89e1958912.2209"
"978bb878f174413384c8a9fb4cb3cbaf","000337.a258447976f3400ca78078a4fe3e4a50.0438"
"37a8f4f2989e4a988db2e1b24e85b221","000628.ca011015c1114675bf1407e1e6040559.1321"
"ce310a97c5194159a8094c986622e062","001795.3edc24e9ee28483faaf082a8a5ca5532.1450"
"42f2e1652bf348819e32eb337435fe36","001741.32b4f07c580e423fa2f2dd0176a72d86.1615"
"e77d74181c0b48989c6c6c708fead2d2","000490.84ac4d6652794f8bb6ef25e57a40ec8b.1913"
"8219e16f06f5489dae1523ca5afc5f6f","000317.9b8e425a74484fe5a6621c9bbb58f58f.2114"
"6809913432d84f7a9e7c8c72a9fff0f7","000447.c6088e654555469b8f63f4c1319a7010.2123"
"d1b8097f9fea45ad93cfddfcf229dcb0","001718.36679b9e499d409ca301b4ae99dfbb36.0145"
"d7046ce21bda4068b9ea9adc0dc03f15","001916.cfff16cda9ca4ed6a388938efac0ac61.0411"
"fba9667c4fbc42d784aa2693de98f309","000169.ab3376c9388446b4936506bc286889de.1044"
"5b7bbb9d13d749af86534e4d5e5735bf","000086.35a49c9d30894c16b5dd1cc5402afb16.1229"
"9df223a9160b4b3c8194f9e186a8ed4c","001865.3c633066e3884a3bb513e780cf8550cf.1707"
"82fdfc225a6643cfb1c48bbe37e544fe","000299.285d72d8c2a34beeaad32d1da7070227.1728"
"ac202fd7b9f2472bb805d239786c7c80","001760.b26bfbeb60184d2e8c13d9e4683cc0e5.1854"
"d5f8bc3994724f47b18ce7195c710222","001382.66da2e7faced4630837eb93a13ec5c1b.1959"
"1d23f3e12988454ba8356ae70bb260ea","001006.045e684d961b40e08560ea626a3ec429.2000_cancel"
"1660a6806c9e43bcb6c8fc112dcda465","000439.8ab9f8e93d524bac9ae3f0f6705820d9.2048"
"9c471c396ea94f2aad10424dc0614e67","001571.498b0da7c6e4415faa822372120e4116.2218"
"c7f032220a9942bcb55953af95e34ebf","000378.1015990a39b54603a638b51f645c00d2.0831"
"4c2ad2c679b34aa4a4febedef33cf62d","001364.9cd717869ab744fbab757f9a72a3e72d.0925"
"b75de3db3bb440fbab9e4e3101a16633","000638.3c1e35cb8bd04d688309a1028dc584b5.0206"
"e9c183bc975445018d0ee67e2d286705","000208.a9c0fe1049f04a75a17807532c0e8f71.1151"
"ba3c6e156ddb4ee883d3d38c5a512428","001247.1b87400a9d0f412080392a6c5c325c41.1554"
"890af87f5f384ac8bd0cef2e2017dffa","000242.4040a95e6fa44eff92f1ff9606f2ee02.1602"
"4e19ed37c29042c0a48536625474d3b6","001019.43081b5635654dd295e440ae42444046.1642"
"8dc2b473887d4313afe4b247692dd5ae","000558.2667b88d0aaa4872bccf2c912e8e1f10.2001"
"7be97ffda25d496ba1eb59bc88f88714","001580.8ca1fd56ee0c4adf813593c5cd0c4aff.2029"
"4a9c1a33f5e44f1c8ba2d1365b043656","000316.4e4df52d5a2e448ba2af1bd384c86f4b.0417"
"32bff448220048558541a0af26648905","001331.e140bd256cba45cfb9c05c2ca72a7ad7.0719"
"8d8d432aa20542a38590d0268561d5fc","001855.4307695194c14ac2972c75f595544a97.0727"
"1484287901ea4d16b87bbd769ff2d162","000734.67ab302345c24813b5eaa765cba07d38.0814"
"c56aa9f1e1a54846ad176a8414f6d546","000247.6add23ae910249ea9ca34a0a6cc3ebe8.1121"
"b426418749fe4ea2aa87f4f6b047d6ac","000101.d4818146ab1142e28fbac97d76efdb3b.1019"
"dabd976543af485a863df4be520fa945","001255.a1228e954090420a8a32cbbaf9ea6246.1350"
"6148d9829598428eb973300d09d288bc","000212.49ea29e786914c8fa12ecdc732229e42.1540"
"b13952064eae4db29881ed4166ae39f8","000037.4844a41ca67e4e7a99587c5fed0bfebf.1722"
"dac39ca6d76d455283118109684f5f26","001359.ad43e55bcb1645fd8d8da284acb6426c.2117"
"06b271205d854eae93fdeb9152c6f91f","001843.a82efc1a9c964bd09343130ef38866f8.0954"
"f190ef9111dc4852893f228136a592c5","000177.42e94a2c7a684fe0932d391ef932e218.1120"
"8b6a1ada2d744e1f9f7c07a1ce3df1dc","000552.04a5a48962974eaba3e468103b28410b.1404"
"e95d8afb9ea34c5984ef38209478512b","001453.e3800cabac8541e98bd07d64aebea096.1423"
"9edee9c326e74648be7792f57c7ce36e","000487.6737bc31f28a4fa1a79061ba3a0267de.0916"
"6e003f8c61914316b5edf6bb15d69b0e","001327.5e3311b982dd4d7281128262a197abd7.1044"
"c95816ae2bea4018afd69f8f6ff72135","001341.7d87a41e596a48388b95ed465eaa78d9.0205"
"a5b849bec59b4554896bb6b8619674e1","000656.c5e64f42b4f749479bda49b7f4cdc929.1016"
"bf7bf63912604056b16ebff52055dcdb","001546.776b9541e22745fbb9ef476567396ef4.1609"
"45e70a1e68e64beaa94bad6f2488d2b9","001717.608dc5bced6c43d0874825c5685ecf6d.1635"
"e1f0542ea9dd4f648a347a817ff3a819","001462.f6cbddaafa1c4db793c348b4743e70bf.2013"
"1626d897c1d5430494d42a036d0ec4a1","000394.769478cd56be4021a16e5d6bcb0c89b3.1946"
"bd8861c5d3db4fb7a7f8a991b71ae86d","000794.dde423fd6be94069809248e504aa0915.0741"
"90b2b343b5584e7bba08c2a4c62f5ec6","001512.2597019ecad74e129060e3a66eb36b79.2041"
"86572382067d44ee911a84f8db442929","002019.cfff2ad596cf41efbaec71672bad11cf.0030"
"746cef81b7af4258b48c8fba54f12266","001120.ae5ab354dd0846479fd86b430fe8d6c4.0202"
"c1940824995a452c9066fe72a6c1d76a","001154.c4bde4ecc30b44a4a686a4c99033fb56.0550"
"efb91d6495e8445795cd4651270fd851","000643.da444326332b42b594c905faf447ab0a.0610"
"eb2585e6159b43eb8c099003a56cae8d","001192.3b9bbda1065b476885f805b8216bfdfc.0814"
"43003b5231d5486894a68c3eface447a","000653.a4f4d1f69c9341549728526d4dd0e594.1358"
"7ed6d156aadb4ab699375372b62ec21f","000320.a65a3624a4594499b12f955311b82df2.1853"
"a22a38e1b71a413297d46a90156e4389","000608.cd6888ee0bb34558b1f94d944832dcb7.2309"
"4e339ec0bc3748c48ab4d66c62db4369","000557.bf8fdf09e07741bba627fd9e0a4fc3ce.0721"
"6ef5f06e96f045409ef3816fb3ec60ce","000519.e67a58d6523c4c42a15ff594e7965ef2.0832"
"822603aa85ad4bef9f370713e495f8cb","000696.f207a38f0c064d52933341373c1e7ed1.1325"
"6e4f62e757104dbf8201b787c8f3ca6c","001962.f1c3200168cf43a28dfb103c0dc181b3.1914"
"984323e9f215418ab76867299c756ea8","001868.cb5cd976deca4506a1407aab3cfcffcc.2112"
"40cfe3eb36f74b189325b607d1b4c12e","001132.4d56ee8eaa3d4709921b9fe474ffd820.0200"
"0188f994ab3b47ab9b9e144568401627","001719.da2f341b55ba4017ba7b1e75c93ac73b.0525"
"6736137999344389aa6d8cacef5f7579","000346.31d1ce620ae743849c2f9d29a56e71eb.0805"
"5c0dd39ce15f4a03819a77d2b280bf21","000250.b362d4fda693418ea131d6ce47b780bf.0811"
"b05edf5965c444b28debb3ccda6e45e0","001075.65f2b02d85c0492a966c289d08cc93e2.0914"
"4f93c911fb3444cfa058f8c4d4fe75d2","001613.9a6c667029af417090f41fbf5e8f4e26.1036"
"2511a7d4ea7244baa6dd19854a1c6e99","001894.e303622efe68458e83cf6e18d05d9ae6.1607"
"ff1194fb69be4958b54e577496f90e78","000552.a55fee4cd2be41ddb8ba694dc0714de4.1911"
"f66783aaac544baea3c78793497f0e2b","000885.893c09c1936d4dfc9ca8f8f55ecb02b8.2209"
"eaa6cdd7c00e4ef2ad8f3be6d9ae1607","000409.a141ae9373a4495a8a08f53491437fb4.0905"
"d0b83a6e70c34efa932b64706022b312","000165.1ca23d454b8341308ac82e84496a7d67.1520"
"c10690f3fc4448188c283d0a871492e7","001519.c228f80fedfe4b54aedb7fb241d0b4e9.1606"
"ef9a8fea787f4479bc6c223f5307553a","001153.0c8dcfedb1cf4489a960cfeca40c4c9a.1624"
"ed4449d21138431a8a5357f7e928ad70","000216.dc42a3f316884b76807b503cc8df0a4a.2340"
"98b2c77e92a84d45a36a0a98085075f8","001094.d185554e26ad4c398e6b147af82798a0.2352"
"bba0b2e18bb84803a603a3eb1e614ba6","001164.a2791a3bd8e148a696c3a2798fc073da.0925"
"b6567b31f9904c9e9f4c2f80f7924407","000288.0bc1ec6ed70f45e08662d33d999647c7.1127"
"b2bf476106594bccbe2a0031a74d9e01","000076.cdfb690e810d4bb88025414496cd4dee.1232"
"94db8117547e4adbb2d88510234ca704","000186.7ece7fe320db45acacfadff178f9dba2.1313"
"9f0b7d117b894113939e9afd48818757","001673.b23d068cb85f444d9f58035a68e356cb.1518"
"ae20dde46b9149cfbc777efdef23b144","001566.f5dea9e5fb7f4aa1a846de04384e0166.1558"
"e342a207f4cb48a59fa8e4e069f0c280","000866.5d5846bae8a0487dae1dd658a2d92ad9.1841"
"82c2584536bb477292eda42fac937c15","001794.b9acdb5085fb458bacf5608047e8ef01.0822"
"038c3a2e6b8e40e4ac164ddf27caac0e","001384.be24172343904d978374da5adaf92b3d.1115"
"bbfe683d3dd148889c35edbc08ef19e7","000313.be5d4c914d7a43a2a1a64c4ea8423a09.1733"
"f4221f37998443b186214ca541446f8e","001687.75dfd1614d6349b4987c0fd2f14d039c.2033"
"0dfc64d902f64dd890eafdb2e9e8ad05","000842.dea4df2e80de42e886031f58dc675eeb.2041"
"f927b798734a4cb784e169f02c02a47f","000440.3b7879454c384c10a381dc3152cbb82d.2137"
"e1c4264a06d5464e98ebb731312d2087","001491.20968ecd619741959db66ca80cea6b0e.2249"
"2f83f0225f1442d38f02ce067ad70a43","000529.06cc8d9db44d4b8fb19e9f98630df8b9.0024"
"63fc5d64f498430a82ef185c78c4478c","001334.add6f34dd10b4a7fb3f448cf893adc11.0611"
"2c6ac54d059b4979b934f1849968410b","001789.149e35ed87024179a00bbb7212c6803a.1103"
"ae9b496815474f3f933d96eace76c13d","000450.ead02e060bba48b08978e371691ee56f.1114"
"1612e3f2074b4253b7532d7190293a23","001878.94ed18dafcff460c87d965d505553fd7.1317"
"0eb2fabc8f394c638cba38ffd8e064a0","000918.068b048efd9943f4aee61d1d88726b0a.1715"
"159d5552079140e4b1f4cca2087c365d","001601.01dc18b9151644edbeb241c578b27245.1724"
"54cabd66d9ba456f9a83ea1a8fcfc348","001922.e8b26edc39ce4e1a9d6e31890dcdd1b8.2314"
"1f196946b06544e4bb21fb41243a007c","000366.5241e62029fe4fa5a472d92d8525fcfd.0135"
"496d088f302e480fabf89429eddb2d22","000888.78526f5d910a456588199a923c306a22.0512"
"cabd90009d3a460c86926a4ebab3e214","000388.29ba29c9e3b94180a976d9581751852e.0926"
"f4ee77f6d2804e79b451e3553e9242b5","001720.a7c0491be86245c3886066cf4a0b4bae.1303"
"72385ddcd17a453c9b0d6b52f1b0ed3a","000501.d30d2322377447ad8fe443992658dd54.1605"
"ed49bf4ec9784e1ca0fdb71e184d44c4","000668.7e411003d7ea40a88032c8b264de216d.1813"
"f082cfe52a3f4cd587f19a6ba644ebd6","000989.00231a02be4246f1a3b0ea7b59b90fe5.2136"
"4419e67bbccf4105a099a21c870cdf3f","000413.cd730cc486e54bbe943ad53bdfd537fd.0018"
"a04a59107a674378874512310e1db156","000967.59fc980586b54ada9e24ef2f1135a559.1252"
"5982911a3c7344c4915dff2e68d9a3c8","000392.b576f29d4f844b62b125823ab85a86e6.1625"
"27f2ed8751ff41099df5ae4c7b8d3d8a","001596.140a26a636f4487e9170872b85c8086d.1909"
"043eda8416244fc78a80540f4c047d18","000554.bb59bc1fac6b48b086bd04089932e396.1920"
"1d8d6eae94074455a3bb7ea5560bd09f","001103.5670397da40f441893f45c2e20fabb22.2011"
"b3644af5183646dbb809dabbe59ab6fd","000320.78570ae2817646098372806338f17b62.2149"
"a6a9c1c6a9284d7f919d131ffa971a73","001550.ca56fc71d6374f46883f2e34ba3b281c.0025"
"b0020d328d26486d961e76bb0f39d325","001910.5d76aeba7ae04f4c89c39b460411ff45.0901"
"6d0140155f8f4ddb944c4c78e653984e","000268.3277df7e3c2241f0a7f2f4a63c87c532.0956"
"469355799ddc41ef8d6f51aefee9885a","000131.12de70ca13764b9eaac9cff0b7e5f18e.1018"
"712bceb783404ded90047e09441066b0","000643.31c7c2062fa94ef5a0929de9074fbdcf.0001"
"17bcdb35fea44fdca685020b5384e6f4","001134.6e7afd1606df439e9c5ac714714e1603.0713"
"ea3e5722b7e3490cbd0e8ef249d3f703","001467.5af4d044294f44dda33c365086bb93ea.0738"
"1b026f63da164f34b16dc59a2b983826","001416.bf197721ec2d4e6e8f98bbe16e7c0c3a.0741"
"df9e978cf338450896c85bcb57278cfa","000595.3b7cfac1a6a74d9dabdf3d29c984d195.1041"
"75f6bcda77064014a2808bdf1f6448d4","001814.727af315eb8c466eab95c37fefcaede5.1047"
"8032d86192094d52be54e1e746cea136","001682.adda5f358ab34216b735bf0110abb35d.1053"
"8d8e8382baf640afbc5c74ddac94522c","001998.d07bbeedde3a4efc9902395a7d254bea.1221"
"d6e69c9b28df421d96ddddeb8417d113","000776.94903b0f61ee41c08cfbed9a99e779b3.1846"
"2fb5dfa227a5432abecf0fea4a6fc0e1","000533.6dabe5b004a34ccf899531bce1d2999d.1929"
"72730d5703f94ed7a76824cae389aec1","000696.fbf9fd4990de4d5c859b15012e5b2abe.2200"
"049bcf97bf1a48f8bb98040cc9496e18","000722.4b90a43ac50a483ab878077d1cec370d.2204"
"39471cfe2b8e4d4887f4347177c370ad","001558.42fb247b4111438cbe524efd458693a9.0205"
"57f28ad1d46e4fe6b4e144c82e5dd90c","000613.065453b041584a23a335065983d59597.0541"
"40b1d2473baa4fc88b039cef2b9923e5","001882.994bd2623a244f30aa7c1a17175441cb.1037"
"2b4d2027ac824048b3668c7be7094c60","000683.5cdd410582094485a640865267ca362c.1148"
"776478682cfd4837890cf042fb0653ed","001614.3c6e7e89be29429eb44f06d937cd664b.1907"
"9cb016298db1461fbfe72ff4e77eb6d1","001551.ac008d585a914d10a10b153d25128650.0028"
"505711a838c0467f97079ea4b46d676d","000933.0f2c99b92a434b85a5195862de44b889.1117"
"5314ea95493b472c879b06ccf131fcf3","001766.5bfc596d943f41b1a1a53da14f854e7e.2311"
"76d0200147a74aa8a18fb5cb784fd457","000640.beffa2cc78d149129040c34dc745a883.0123"
"60adb29ba71b44e784d06dcfef889288","000035.5f0e6f2b96944eeb9151722756d6ed3c.0513"
"f7921755f80a48199edbc4863813488d","000849.cee66d8fde7142589a0e3358e8e4fbb2.1229"
"dfbd3825121b47208067febff36f182f","001912.8c549bdd313646a2b7e5c48820428586.1240"
"d34a38278d4046768b2be0da5e9535a4","000066.23f697bfe1d14866a319bcd20fdaa3ca.1408"
"b1f5d3b151a846fe83db827a130ade35","001615.b955421e65424bceac1af9e02d34626c.1925"
"97038e993baf4e3fb8a0827513aa4a4d","001369.1e57e897575240e290691fefb178f95b.2038"
"848a418ce4b94027aa000c279057bfb5","002002.d9ec92e592ef411eafbfc3903a214259.0425"
"33da0409bc7c4f20b2b2b3c77a4f2d21","001418.b858cd3327114439bc9ad311c3ae006d.0657"
"89154a8c7c1c482e9bfe015743397e71","001465.88ddf2742123435590ab6f6f33d3fd8c.0740"
"440310a97a7f4d0682a1100e8c1b9dd8","000548.3918823731104090a31898bd184dfb23.0926"
"c3c0304a9d844153b9724ca5c4e4db23","001143.b45efff210674f36a114d5a910a72e73.0947"
"f2c84d37ab9449399aad716ab77fd900","001123.66f5fb4e85c4490182ce768f1a84d3c4.1535"
"81101cf3e3224e64bea2d516b14a382a","000760.c3a0dfec73a24b9d9c471877fa397710.2109"
"9241b387fb7d4bba821210d2d5171434","001419.c84a684c9cae4200b39574f9ef58e394.2126"
"fbff1c01c3904540b460fa10b78823c9","001721.02268102950c49dbb1dd249c26f6351b.0652"
"9f15ec39d228459ba07e17121827da90","000329.1305087f6ae84ac18297b45a5b55b334.0836"
"60b51cd3603a41279c7dc32c5dcf5e4e","000459.ea4a1cab1cf14221a3c7be52f0e0a16c.0938"
"4ca779889d7a49e09e4c7445528c9db6","001332.44fc587b77e74a00b54e421d1bba7ca0.1326"
"a30dcf48807a4709b27c1fd4b700481c","000248.6b5d237f4cf0494b88b568c955b7f7f1.1513"
"17e3513c278448c39ad6dfa41aa5646f","001048.86fbafdf04254ddab283a47e32b371ff.1921"
"0f458bef75da496b9afc918c6bd40071","001017.956afd0e42ef4265ac9c5583a7e9006f.2207"
"3ef08fda6c6642148b60a34d9294e7b8","000455.2aee21a615fb4dfc8cefd0719d82909a.1014"
"8ad1cc1a9bff46b685917d1086ff31fd","000670.b92dce88c47940ffa6a1e57981226fd2.2336"
"8cc1465880654394bbebf1cef9a6f7fd","000800.1271d3ebf3e24f75a2d047aa56966bc3.0103"
"909bf0e25a114d03b3d7f1d6389362d5","000851.dacbfa271865460bacb988bcb11899c7.0222"
"767297fb963b4f868ee0c31c90c268f3","000891.d91b403b1b4d4a788861ab6d9a7ccb9c.0531"
"35835d5b132d48aaa7f8c217d4f39c74","001188.c1708b5a0ed24c8199b2190a89de159b.0745"
"8bcec6b3972f43c19f088009e0035abf","002026.dc30541644284257bd850e1a05630663.1349"
"7a6fc41821de4449875672797d833708","000270.b963935da0854412b57dd956201da706.2303"
"8e0357a8b08143f7b0f0ccbb59ac3665","001104.9750750e743e4f5a90d656a436e6817d.1250"
"6d24cb772aea470099be0526c037aceb","000282.a2bc792bbe864557bf21dda4205615a1.0146"
"2c088c0386564ec481e689cf6763a87b","000959.da72523d4c7640d4aaf891de85ac72e2.1851"
"fdef5b94b2644a6dae0693595e01937c","001887.93e7d45fec6b416e95158e4d12bfa0a0.2223"
"e150cdb3c72549518bea3ec4a0ee0943","000113.f4e7947d6f7d40659654f99266cd5e3a.0837"
"3cb9bdd72e6b4133b263d8d520dda376","001010.52600fab98a647fb9b365a83a9a61702.1427"
"00e8c46aee5d4802a6bd07fc1c2622bf","001082.55f15bf0250347c8b737c931fe0a61aa.1511"
"2b165301906a4b3abb3c28552bb3b3f8","001695.a76de14c03404a01a41ef80df6bddb41.2203"
"1af997b223114706bc59ec0a90785a87","000722.c1f56e23f4804f838ec68f98b029c89b.0405"
"74df109d67f044e18f0246ac02736db2","000754.d253efca4f3245cba5d09894a16d7b4b.1059"
"8d91ed00c3e04584a7cf1e844f3e3400","001772.e4b3e0d1d6a24517aff920636fb90918.1119"
"93aef53f691a4cd0ac7efaac95aa2b87","000366.f439cc13ed1e4328b197ae1dc23faf17.1142"
"c7bef700dbbe4c66aeabcc59eacf12e4","001626.71bd806ac36349d99888bb4dc1ca8494.1513"
"0f5af4f8a9ec453cb2a6609af8f54929","001283.84068ced9dd84cb3947eeb236b450166.1703"
"cb74aae229434226ad27a84ee96e32f8","001171.c03612254d5e4b91ad937ea4957d4fb7.1821"
"798d93e6a7db45a2bbfd9cb69da9689b","000485.5291a58e1cbe4793b3726228ee3656ea.1633"
"b48345b85a7e4c93b9cc6369bf36d9d4","000829.fb9d39540c914b0d8f2afc4b752507dc.2256"
"b41def56aa7947fbb4ac79cc06668664","000495.cd1668c1f956446584e01cda0ae34428.0001"
"581f18d27e99454cb0ed2ee07eaf5493","001997.021c83c1559c40239cf8c4f5adf002f0.0143"
"314a8b7aef68419a99e64123f7e7be9a","000985.45bed98e7e414463bba5f7053906ebb6.0836"
"191661ea44db4abc9b1026c3641ffffc","001407.2eb78fee65bd475eb82022170dbea280.1639"
"e9997f4dc9894fac8ebfe24839fd8024","000852.ce070eea4dac4f51983f8fea2a0e326a.2026"
"20ddec301e2c4ec78bfe3819e3f2fb9e","000491.35851610c6e64a238451ccae5cc8cfca.2339"
"8d86c0a4b8e7448fbdc585035a7a9675","000625.4a71e106b16e4d86a272b874386693cd.0510"
"2189b60537d0438884a2b6b8fa7e946f","001502.db20f1debe6c41688bc274433721da41.0833"
"afbc4715dc9f406bbf276871e36ffb22","000307.fc12aee82aa74b2893e899a99463ac76.0949"
"9f978289e9ee47bc88a77210f3da590b","001771.83ba3d38a9254f0887926268cda95ee2.1223"
"7f8ecedfe9e645c98855d28245c95d9d","001042.97b0068666d6471892591ef1ba151815.1420"
"5937a8bc94254f24bab2580be4c30121","000541.d24d895d62db4793967c7249984c6fef.1611"
"9e770bfa7da044be918772eb26e3db47","000414.c2466458700e46179cb80443fcb337ad.1742"
"edfdecdf0213465b9cf12a48a88e9959","000313.95e3398b667a413da6eab6e7cf192437.0718"
"4afc6337cd03402e92daabdeb63a13fd","000551.c40d0332abff4d77a70a28f7958b51a8.0851"
"b93ac45b38f34e11bfc7191a6e72c412","000119.264bf31fe25e47c883555d9bc0c2589c.1158"
"2b0abb542bb34ce8aa475d6cdab67be2","001838.5c2c3ee659764106b78cd2939fbe3e92.1951"
"0fccd83639074af595f1747e0dbea684","000065.8b0779827398467a9f4d87995d4337a2.2312"
"c68d3a98a38f4a28a781f08c0da73d18","000394.15f8df88c33a43c2b09d39de7344929b.0543"
"a2f9a72818b348bf83366710ea975637","001858.989b108cf06241889204137544c16332.0647"
"fc200b954e4841bea47b0370521e8c96","001429.2f7429fc1eed48a0878c152ecfa7b62b.1356"
"9285e82a97e94264bfbab585f6b50d3b","001313.ed75b3c2954e40d28ca446d5caa1017a.2225"
"da59d66b130547e3ad2897c99a620c07","001012.d07d240c8b134a30b969ced4dd6ced8b.2237"
"01c2c65adda142f5aa21d764e69e740e","000297.91e70b6e78fa46dea20eba5daa447759.0248"
"f58ff97593f84f19aa77296adee3ef9a","000734.1bdf65d36d954004ad4657eaa3c056cb.0320"
"48ac871d6ebb4b5eb476e75fd963c615","001666.0030a2f88baf401c8fc5e5079b65d46c.1153"
"e0209404019b4c93ad95fb89cddb7d8c","000686.39ef7989e23f4d6bbf954e96bebdb9a5.1441"
"3a171727fefb475c9e17276cc0fd4bf9","001843.805059b0984d46fab632d402a2d3a8bb.1556"
"a91e72fbe329427788b8eff4e3e7c5d2","001323.ce2c482d5917476083552aba44182d6b.1713"
"213b81e33738491fb4ddbe47836b281f","000439.fb51c3ccd826402e80ff0f7c75e5986d.1723"
"1d2266721e89485b8a0272160e79015e","001917.abd6f8f0bad449898509b1aa6ffb6684.2037"
"4e6586f4aa094319af3fbcaf3464ef04","000106.4c8671a89fa243d39d04c16166d184d1.0722"
"7028b56cd04b4ab8b56b7dddcae639a2","001909.48e5cab944fd4c5790a1ac66ff52e5c9.0827"
"0bc60a595fd7446b837889dd2f13b595","000956.7ab2e00699d94d3dba24061fdd3dce0e.2120"
"595e01f37f4c40e884d38fc31101fa71","000473.f7d24e59dd024524a6c8bc255e94e621.0214"
"9b97697f13d54c74aa45761c19bbf682","000298.fd914e5910914c8ea3f580782d672e00.1414"
"cdc3df017896477cb9c6c49c8119fe93","000427.ad3c24818192470aa5a61691fb867887.1717"
"adf3249f55fe483e898f15e9874d0bb0","001514.117a1401b41e4819a2bc0139e0e290d6.2039_cancel"
"adc3773ec8dc423599e8037ab6bc73d6","000257.819b031faeea4d028cd0dea2b5df11f7.0820"
"bc0b394431a04c8c84af2ef3510cf72f","001190.55e27cdb48174c8c8e966040b9a7f287.0206"
"1f4e17082c124adab454df27d7cdd6ed","000140.033deb098e06417eaddeeeb71a2dfba8.0600"
"18d142ced8b64219ac1286a2ac355c8d","000883.b2ff8b68dda841f7a179474b569c3d48.1347"
"3eccacb08e604bfcb4b5558a873d3731","001398.8d7c5e44af8048b2bcd73b75c3b0f05f.1402"
"9cb917108f82482aa115ea11229c76cc","002011.8a559cd32f5446168b1788e4581f2063.1507"
"b4b6896b2c7944d08725f62e8cc27e58","000932.0182dc70da6e4d4db557219b9d485426.2356"
"0be7a85417c44ed89c4e9788ec6487a7","001618.f2e8d4f6ed844cbe9e2f9258bbb230df.0414"
"40ed5c597c8f4787abe3d7ed74c26873","000942.d97e00c2e2e846d186da0b7192eae97e.1233"
"c22960e9685645198b7a3bce35c857e6","001693.72a0550d24be4b7b996747a61a8e3f13.1248"
"3ef1a64881e1480883516b01f8ef33ca","001538.43a0b5087b39409bb65720f948659673.1441"
"5f412fc2c0f84bb8b32fd140a47b6d5b","001939.48ca4e7603a34ab794b5f2be30b9d063.0640"
"a9055d9d6c6d4ba390a2aee39eb2b88f","000232.c6851adc739846479a3a78847307d0c9.0642"
"415c916c8f3f49aba040f220aac5d31d","000014.284197b7928a4618a669ae8e7280a7cf.0931"
"b05c6a1123334f9ca430dd80f106939a","001466.ee6cd68ac0e1436283ed29580729d95b.1323"
"9fc1b399152245398bed018b917649de","000857.f4416019b32c40d397ce0da2f9ce7ea5.1700"
"7d38fcec057e4f209f169ce489843160","000920.33cb2e05118149b6b3e05f68398b5378.0509"
"5201ae43f77b4c059dfefcaa7a84b1c8","001658.579ed2868d034838bcbbdd70e540a1b6.0521"
"1e4e1d6b4ac94333bd6bbf6d2a63baca","000242.7a913091bb064349b6a86973d06146c9.0539"
"ba5c772d116643059f77f1976b4e471d","000314.006f3a3c6b4f4fa7abeaf179cc8f1418.0846"
"73ee5649a9c040639a256f03c8c6cc86","001952.246dfe818881456b9389669739da7d94.0203"
"70769c2c51f1469085a22c72f222f34a","000924.cc0192dff4a040e8a8f714400a1b7f89.1717"
"dc617d237123438d942cbac3495984a4","001071.5ea306b201394e2eb472958c56890420.0817"
"a9d89dc0a6ec44438e20d42baa727842","001730.d251ffa8a59d46309ab2a756ec82d2bb.1707"
"078ddacbcd1d4f5fa60d9f539f602435","000122.5fefa56462154217937c59f5b39d822b.1051"
"f25a1da42c5749999fb2a70581bb4b01","000325.94fc8c645168410c8cbfc856a35c6603.1348"
"3a38a9edd9934cdbb6943247d835d407","000970.e24311a096d24244960efb1ecc4a55a9.1218"
"52eb7f2557724fd58d7855627271a5ce","001525.c5c178e6e4c64974a49c74f13b93c5ae.1258"
"ade3044a1d834111b7e947d435f06c6e","000164.bd3525d3369f4a329d1c46e4c35aafa4.0107"
"d6f2c73a85424b3ab10b28642ce5ffa0","001240.f1186f3142bd4a73acc3223a0da9c91c.0713"
"cab3151d7ac4456ebb2c4c3b9e1ec89b","000183.bee2c288768642bc88493382a25845e0.0742"
"db48952a7e154d7c86903a99ea9f8d3f","001459.0f1fac37908e4119b991a77f7526506c.0905"
"0b429540fedb4e849a118799340159f7","001861.f65977c7db5a451596f70215d4a9a4df.1151"
"cd1388814b2b4fcc859f7ebd0f471e99","000244.5bf52d461f934ab19ba3c02683f0294c.1217"
"7911f1f5954049e699e9f9cf7caef6b6","001361.b7e8c5b8e04e41399e8f006365403f0c.1049"
"cb7ae89199214009a283bacdeabccfb8","001998.511bca8aef9c4d11afa00033af614f2c.0652"
"a45e3b3b642e4477a24e81c6a5b25993","000946.64ce33ac07214e9ab63c928087214f0e.0135"
"6797ae99fa814d2ea6186cae525cd8d1","000565.418a19dc0afb4797b108cca121c71645.0850"
"6fd2247ae9b64099b1c76e8d36bdad38","001261.4876436726884aedb6832c5ad1e90b91.0707"
"881c1851627c493ba591d0db8ccd0a2e","000882.37578767c4b5498c8e99d92ba8fe6cdc.0818"
"0cd90d53770e484ea135f9396f52a1dc","001823.4bf2c9db0d1b421ab5a078b291695b87.0917"
"330841b83d324fe9a1f446d645e0e463","000992.dff022825f234d3886591f7ea6e7571f.0846"
"a8055f6b1b7a44f69ea10334e9946fe2","001141.84b7728d78994575bc5899cce3d42b8b.1044"
"fbf442ca2f4c4670b55d9bdbfa6b8740","001862.dec08ddfdd0e46e89d265c9a6496c249.1321"
"bbb521ffd53a458e994ac4ace51ebdad","000017.34780173b0794e51a87e0abc930061de.0734"
"c4b783bee2b141b584324311c1c70035","000542.1412b78abc334b3091602f11d656649e.1036"
"f0e1ff032cd448f2be7eabd82a065895","001893.d48475f3642c4e62a923edb876cee0cc.1053"
"01a0a585412c4d46831218dc5a1334e1","001400.fc5c9bd41b8e4d0fbff09de59e73436b.1156"
"322df692d0d043c8b0943a94d740fbdd","000853.7e51541df1bc407a857753d6710365a0.1116"
"1fcb0d8e3bdd415195c3512f252a2390","001686.c46284c6539449f795f2282cddac1de3.1119"
"f4ff1a05df9f4d398cef4368c00466ca","001150.1568c3be84c64012bb98a5250bf0f621.1144"
"1f33104a54f8451f8ca17aaef40e730f","000278.337a511f6d1d4075aeba69be37ffc159.2153"
"5bfbc864596e45b2bb8f1641c863ce74","000521.49c2156d20814b19a200589053d41477.0917"
"5289382523484a978b86d65fdc5135ac","001463.d1c63181d40c41e08fa18e07e949a233.1027"
"0ed376aa1cb84589ba1efc4982073262","000243.7ff07858e09c41ce9549d34cbe725747.1133_cancel"
"ddeb52d8232e414495017d2dc554bbf0","000243.7ff07858e09c41ce9549d34cbe725747.1133"
"13bdc375131c4bdba6838d5d46f168ba","001613.8397236c64b1455b9adc84c9783de4a2.1358"
"20d0838cfba34d33b475f4eb3d46074d","001238.4b5b76b7d778465fbac995de892b5708.0242"
"c73b1859d44b4926992a21a19e6af410","000278.5b3a93e0f6fd452d83a1c29601be7d20.0916"
"571b19cc00144c0b9d19037f5c83c1ba","000897.33520aabff974589bf3d8e4ef939890a.1443"
"95897c0cd7f24c1ea943a7f68fff6813","001105.3cf3788438684995a26e4e2b3702b5b1.0319"
"98cc71bc6fb0404e98a2029d289b84f4","000819.5e9113e821414457823c5f18c56676da.0904"
"41e3f8085797474f900edbc1a857e24f","000727.697403d834da4de38ea127bf778203ca.0935"
"6e9d2c29ad7c4d0b8376b55f80f2e21b","000618.2137c16ace1b46388e7d9db8edf9ea96.1826"
"9721233e9a3f46669d8296a274dddfaf","001249.a6c66cda24944526ac1f2e13445371b5.1938"
"572054864f924aab90a6b88a2703b843","000228.f88a7b3c4f874fcab8b836f305777fe6.1346"
"5eb49079986846eea22b612f35dd0c9f","000975.06d18b51d928408ebad481fa2e74a6ef.0846"
"3d0f6c9993cf4f31af58352702337983","001811.0ae3c0fad3cf43c6b0b901cb1a439593.1254"
"22cfd4a2b97c41a8b02cee7e786ba130","000150.b355b28355264711bd09b3a9a90ad779.0513"
"3670256c221b49bd8670f098df2c4d93","001261.14a87e56f7b14583be67dab134997f1c.1643"
"e55fcdade731401d856a44588c65ffc0","001493.02f25784e83040f0bff616eb2c439c3a.0841"
"750560f4ab28431493eb1dcb5d28d829","001842.93cf5a4894724a9db8e6bef2d3252a2c.2351"
"cd42a245185f436dbb21793d1a104289","000678.d5e871a82f5044049deddcb5395f6a8b.2036"
"12ac7acf6f794c9da5bc47ad74cbc2a8","000869.afb6a819a8d44c3a82f4250aece375a1.0812"
"ba7bedc443fe423ab352693b07a5a5fd","000643.bc36a756ae304ec09a31c0eda1b17516.0907"
"85012ebad364462d90d71e89b85c2505","000866.9c1ecddd0467405bbc9fe43319a0d509.0843"
"6bf2f85bbc274698963fada8df11bcd6","000876.eecf7bef67244a8ea4519f0eb003b6a8.1025"
"d67b32e4da594326b73e46e1b1923651","001370.1a788594d6e840cd83b07dd18d289e1f.1415"
"ed2c927e9fb64556a363f9efc583c3e2","001113.618d2b47c54046b9bd7b76106f800e30.0720"
"781428567b6849158fe1ad8d7fd3d1c0","000769.8a2cc3b5a44240a4a7dd385cd7989817.0752"
"e5ad894c4af049c8a680b3c0e7cfd44a","001520.d112485b5826445e88ec479467c94803.1130"
"f25ab7ab69b74bd797a2b4ccbc231b92","001038.d89ca822abec4137894a653118481592.2036"
"7bd7f1468b0a4231a9c6fada3ae61dcb","001737.fc7971e4e58444fc97ffed8b6a11ece3.0826"
"08641aec8a044eb3a9a22276be863322","001509.3630209bb4554727a6148c82b8845d1c.1513"
"573e65b2b2434d1bb5490edac28828b5","001032.c837184d1df34895adda548bb527cc0a.0922"
"488c9a39e83743c68af3a72e9f24909d","001041.9251255dad1945ec88f744f0b11bace1.1222"
"5bda8dcb170a4992aeead721eaa0f5e5","000784.d58a7a604d8d4850b75d8ac606a436c7.2234"
"ad6916ba9abe4810bf2fbae1e918f017","000237.9403aa53b3e040d28a0189b8a40c8cb5.1449"
"16091f1dccf64b088294f3a8270e5efd","000749.730b0e2f1a17494fb90ee0a3f2613440.1657"
"c0cebda4a14a4e17a91c3acfdcd34df6","001700.339e65121f354efa94992cd95f7dc8ca.2321"
"752b483ae04149409c2f038f4eee4ef2","001832.89534c808ef0494e8e4d91cf628f2f20.1446"
"749d10c641ec4856a626630853819533","001515.6b8dc694fbf34cec998e1b23314a0754.0536"
"b508f6d15b1249bc84f12d552d14481a","000645.65a03eb845164a5aa61b465b81ed1651.0719"
"1875e7817bd14061ac2e928fb7f6657c","001752.f9984cddc10f4c0bbcbddb2436432cfa.1239"
"d0c4300630214fb78315c66cae91d590","001209.45cf92e090f9441da597a1898d2d03ef.0135"
"e53b6a3beef548cfb871df6de1e4fd06","001377.68a54463d84c46d599d060c6acf8798e.0643"
"5c06398e63584f0b8bceaeb6b534b834","001310.f994ddae910246d79ce7923a940b6abc.1922"
"360869b851384c59bef9c60387fc4d26","000645.9fa4b5ffe04344ee817856d6c8379abb.1753"
"eb72788521f54ae287adae7ee7e0ecf3","002024.bb1929f0ee544989bb05d3be6e2d649e.0454"
"93e9a1277e3e4a6aac04961a00b2d137","000451.b97d727eb2594044b3df7d741db33f61.1904"
"ef8e91f015c146fca6231f026b0b4003","000712.5aa0e20db1bc4274b678eddc285c40cb.0534"
"edb6a82d381f4cc5bb91c4e65fb5faad","001069.e1d6e45c3c5a42c7b7d783076823b486.1446"
"78a7d632d95a4f21874a0aaec20cd4dd","000806.141bd19af5c0491bba545af4c8b0936b.1046"
"55c433213c114a6f8c9a17e3946f9986","001685.120c6b9e555b4e00a05bd891d4760a6b.1119"
"cb50b148d7474595aa3aa42297dbf7b5","001470.550246a82c2c4e9598f97ef7464f1d11.1338"
"7ab278807def4d03ad4f1f718494d917","000802.0d8852aec04d4aed92b3296598ada659.0919"
"881992e31cb240b3b40a7f213ee0d173","001133.9a7ff2189670461ba4ad7b78a2301901.2044"
"3bda43c0d3a9428d87377af406392d45","000948.e6e97522ca6448df9988a7b513ac246b.0743"
"8700be294ad2494783bd086e443c261d","001203.2f68a74fd6714c5998d39aab824c1bfc.0945"
"451ba86e98754d77bb5a62a3879d3434","001960.e814689d669641ff88aff77e425ae1f0.1059"
"d378ecc0d0324fc6909b1ea994de62f4","001178.c90768df799b45c1b3f6645ac9dcb3c2.1151"
"71ebd6763056484fb4dd2a151e4f9029","000412.df8759c487ac4c4c92a4b1beb88d7a5f.0521"
"2ca0e2b090f94513a037db97f1e0fca9","001352.88635d60b3cd4dc29a90a2eb8999d7fd.2015"
"9bb3ef5df601454cbe976774f2cccafc","000159.b4a2124932314890be6833a2bc598d7d.1127"
"921a3ad675cb4c22b4cf450332d5a857","000944.b487ac0b72a6412c92c1aef6e38af002.0718"
"d43b659755fa4855b3521fd286bd2f32","001949.09f51fccc03c4ec3bf2d312cd3c46324.1141"
"35534245cd4c4c30a1317b86976eca64","001130.8956fc2ff3fd408aade6871a6056d337.1202"
"3ebda0b2056c4d8e9153fab62b4fcde8","001016.03d9d8e6bf094b95ab897cd98cb867f8.1136"
"ea35fa2dc73342d6b782ce9a0fd9af3e","001064.218a137d557642d9a49bb361d7d241d0.2126"
"64c5ba76d5e044d599e00c0fd95f33bc","001666.ed80eb0d7cea4920af4c20fe1f5c70e6.0617"
"0de65c2ac90b44e9863cdfb91dea4feb","000593.6919a6b18e0f42b581086738b9cf7deb.1233"
"9c24b6cf017546d8a0f4af7905879b4c","000804.95183d4c62de4e4b926a07c413171c52.1414"
"31fc9d485d7044c6a38c9afa5fd6ba17","000118.e16addf7932b49578307ccdfe1c6072c.1112"
"7c9e5556c4c74126bdaa7740fbb9c018","001301.e1e11ecf7ccc4187a66a01a197c5d948.0016"
"dbcf3f6a980e4aa8b1334d6afe71b253","001945.78eac2d7c7a84bc1854d0f65bb1c960e.0753"
"7ca8baf10a6d42bdaced16e08cabb2d9","000234.4b11f129873944c0861fcd8fe6043238.1301"
"2da3b283c868467cb6b0f1def7ef755c","000053.5363377fb14a44708abc72e2ed0d27e2.1510"
"eca54eddeb1b460ab38666d294ef7f64","000186.9722a50208544456a12035476bcf051b.0916"
"55464148ce7c4acab76fdcbb24053f89","000945.98a0ee20dc254b9797246abbeb2ebd6d.0933"
"1c3fdbd6945b43f0a443feafe074fb21","001708.fa66425304bf4c6498935438692a894c.0357"
"32fdb00f811042e9992e94af3b61006f","001321.0a7cc25999e840b4a15257f5a511bfe1.0746"
"d3518ca8fee4453b8c7596af35dca262","000599.a7708bcab53e4554a2713683d42db14f.2254"
"f0defa6a16e54a00be6cd888c8ba34be","001157.00cc658dc6674d02a85099ffecbcff92.1302"
"de7297f59e6c465b86d4715e7a6f9f58","000343.698dc1cbf5d04b66829ec87799f8ddb6.0647"
"12b2b7c45454468cbc70189064457d85","000160.86d9b6c4d53c4e4dab5e6bd604643d4b.1538"
"349387f97a1e4a52b5a2b11a3928fbae","001382.a55a2b010b9f4df6b7fcc9c861c8e6e5.2254"
"53f0bdcdd0fb459f9c5d746fd42cc9ea","000214.f68bbc84919e4a24ae05dd47b52f203e.1627"
"016f95a5a7204f53b8f40a45ed90cad4","001176.b52459b8ab474042ac2b72621c87c1e2.1809"
"ce9a04b65d884dc6a02cb4b7544c1b8d","000392.8604dcfc6c804ac3a81cd77f90bce4b9.0605"
