uid,apple,new_apple_user_id
18cdf7a3b7914d21946661d3e3905dfc,001847.ea2c74c0bf51466aa5dbf0ad96834d27.1706,
541d9797480648ad9235447027fb3498,000601.e04204379fea44c99d4c418e3386be58.0655,000601.re5ec1b7a8368411f91ae858295802c08
3956fc9dcf8b44c8af4e41e5cf8c5201,000911.bbc1c60911ff4e589ad5ef52283f6c19.1822,000911.r874a7f0c52df414b8fb5ffbe9badd2d3
75cf945b6de148ee866c75c79eeb74b5,000323.1c8e65d220be4fffbca58dd958ba374e.1157,000323.r1e9626d030e948c1b97acaa15756f468
fa858e05009d4eed9bbcbd58e9ffff6c,001651.a16ca9b75f2c4391ad828241e5831616.1335,001651.r90816ec3226e46199c0e693ae43c89bc
39db2780bb124966a7dd9d108bd8f0b1,000020.aaeebd48ad874b3380fe15c52f9c4949.0900,000020.rfc6b2d8e7c7849e99570e8260c7ebb10
76f2c05daacf4482aa1db3fb342b2d3a,001303.c258c95e7574409ca9c627f6769086f3.1106,001303.r04bcbde9b6b64d6ba5ebfb79fce1bdcc
45aab3c1a9324ebca21837bdf1c24007,000339.86f4f4ce6cad433d82e76c396ed32d6d.0110,000339.r9fa642cf0d234585b2d5222dd1888d33
d8e3269ee1bc4119a33c8b358dc73dfc,001533.d762c59604eb43409776a99624afa2b9.1541,001533.r66e7cfb3330a4bb4bef5e509c997a821
1b9b8efac8a84deea14b38e9d9404fea,001698.644cf69368ee412085bda9d548e17f00.0409,001698.r252e568e320d45a4b7ca6500f3b3b6f7
ea2e7eb1ed0e41e1a67eb96c8879e536,000091.c9a46e5c1184430ca837b37633720096.1815,000091.r6746a3243a7a4e689ea8bb439bf2c76b
a4fbf9c0ad3c4e509428dc36a7752a8b,000436.f579a275e4dd476481870434739b18fd.1931,000436.ra3a2b22db945491fa209962140231959
b716d727d51c43b784ce727160e6d637,000710.ff91a71a5072406a9d88244f3da72516.1255,000710.r6888d141121f4121bb78942102e760a4
68f528c3344e4ee9894d44a65d33809f,000840.30561f5e75a74e209cee2f5832c6f510.1619,000840.rd33e7f4bf94b4480a1644274b9ee3f73
cb307b9ba1b24caaa7c6b0493e211e20,001094.e787dc4014f94cf79f801fcf2fbd3794.0937,001094.r006bc716fde64824bd3951d7ce039246
76b383f96cb54acc8fd1fda78bbd51b5,000412.afe54a26e6cc4f1694ff0393800ed012.1902,000412.r484e415300d44f1694f3dca0bf301bed
1f283022a2314db4a9eb5ff7952b0ec0,000290.f733ba2004314bdcb0b2421e6a95b20d.2313,000290.rfcf9a9a568fc4ec2b7fd641e8a5bae12
cc191d84e63e4764b9a152bbe7fca1f1,000843.f18228aea0384d45b74b2b39a1ca79b2.2130,000843.r050fe57e35144b27b7437792ad9d63bb
7079d13850b2409cabd044a50bd12f82,001238.6976d2a26215443096082a89a992a78b.1835,001238.r97397d73f1d34d5a8756d9a40a562b9a
9768f3d98d544b459cbf66b883811f1b,001437.36d41a2a1504462b9bff5049e687b52f.1344,001437.r37e1a07331b646dfb9d1002749dfedd3
2db3dfe3b77b444eb73ae21a8bd868bc,000068.0bf42dd4bbdd4d6fbe0ba2baca678557.2118,000068.rffb4d5d2886c4fd5ab4d9620fcfe1059
e3dbaddfd28c404f883867c9456b66e8,000110.0af040c612124e1caab38e71ca61e4a9.1405,000110.r15e46b2386954cee8033fbb58ce38421
67323475278a46439e649dbd439538d8,001958.ea0b0bdf4f3b4fe985a9b66c91594449.1519,001958.rf690554f9c0c4180a3a7c815ad11cde1
059314318913441684fe91d12d92c238,001634.f4cfb42e99b6409b9d40aaeca67c1027.1824,001634.ra03f2300cfba42b591c9b740095c0d37
eaa5cfba83e5446d9c1af419dedd9c4c,001931.1faacbed85a44e73b2a53aa388ab9867.0331,001931.r4000ccea5e2b4b0a9d33b3997def3783
879a5f3636114b66b24afc394cd821b6,000085.46932f408eb549609d4f45839c6ce340.0454,000085.r13c42e27043e43e9b1585f302ac00537
8bac09e0c65a43e3a64cb5fbad0d6e86,001234.e2d8714bee6b4a498ce2e1cee8fd7c5d.0532,001234.r2709d01c07c74d1b89acf54d3e9a3d1f
070ca79b686249ce874bf95fdde05ce2,001509.e0d3e53d7ae94d40ac3990d71446ac78.1036,001509.r48d87818933e4d2a888f91c92a35601d
68f015604f004e85905e9af08c00a35b,001595.8659be38a3e745908818235f7beeaece.1100,001595.r677464dd7a91480db0bdf98b2e76fd52
2fedb850d5fe45159507aaac0d7c9d08,000705.87b4591f0c004fb9bd304f8296dd2cc6.1639,000705.rede3362e9470407ea7f48ff2c2bcd720
63d2ce923cae4b619d178d7dc82f9262,000610.5a7601ba7f794b04b55d2fc45b58d6d2.1656,000610.rbb2a083977e74f4b9e4a7a5262041b21
9e2097991cf549f791951e96702b7d7d,001608.ecd51280acdb4965a7a5cf7dbdba707a.1728,001608.rb5d9963241864f329bf03187130ee60a
14758e5264804fabab24052c0a403a0a,000804.d873b2c70e794b7cb00d6f9ccf9e710f.2100,000804.r24d4a168d26c49b2bedac2b9c0768129
39c857afb55940e3902c970e83b44b16,000485.5291a58e1cbe4793b3726228ee3656ea.1633_cancel,
d065cd06f6e14395b44968a3793fe128,000773.e448b900c34348a892e525b2a2e1e871.1644,000773.rba268a0dffb1420a8cc5b645ed58473e
6b593c61feeb442b8ee56f13ae34dc66,000583.be1df31f07c84d9489bf66eaacc20675.1848,000583.r365bb29649574424bbff48636c59f085
78bcb943da224f628e2d4bcee4e54d2d,001326.1b48ba236dae44878d0a7d6edcdb39db.1911,001326.r49ab1b817d5e4f328ca989204d704ba6
85db85b5c1bc40629e5aa4338bdc3717,001158.7adddc4e5d394058ba0ce8d488a45a55.2058,001158.r4cc0ffe33ff44e749dbb237edac5f518
754e4f1ae485472c8d7c76378bd1a629,001081.b7ba795ec5154028a75d4f5dbaf9618f.0340,001081.r5711a0069d374f2396448ff52ebabbfd
d7f3d9864bfa48d1ae996150c43bbfd6,001847.bc48a9ce74464a69a6b4382a366d2f16.0438,001847.rd4e489844ce9474390dea902f1fdd6b6
0ea04297ad964578b65e4686d6cc76a6,001449.6ce92bfd09e744858c97a54504621ac3.0448,001449.r8072595f52834ab194406801759e612b
c17b148822c64820b8d9d3670aa6d486,001989.57cf21caf6e7446083aa564d55beabc5.1653,001989.r674d630837c24990bbefa39820c3a15b
67bcc132c2694ba0a5993ffb2415739d,001077.c2438aef8dee411ca20b5ef85691cc46.0217,001077.r9b5ae3420a4b4bbaa5840be8cef74a7b
6c073bc8c63a41628c5e9671edf03dff,000266.7c9fda1a9e3b44f49ebc3145c96143bc.1059,000266.r7d0bd7de975d46918807e88e1d954d4b
afdd08d3de6a48899777ee159157458a,001384.ddc16b2de44941fda401ba519000d279.1216,001384.rbbc8fba9072b4b4b869ca2c5380c559d
52a0fee34a3e458daaa0125ad5d90fc8,002025.598788479d7b4402a07d49cdb4b34731.1645,002025.r281f0c4ba1bb4e58b986c7a8a51662c2
dc10bc2450dd471c88094e58893029ff,001204.e17fbf6d56334795b4fd350e1d0532bd.1723,001204.rc6850b4b3f0e44489d0f357801bc9643
9bc547a2215a45fdbf29fc70d6f52f1a,000943.e205fc4cd7d040ed8297fb56bd3c8bca.2139,000943.rb12acc1d69964e36bba1ebde0b5de36c
f7fbea95ef924fbeb6a6727d1fcfe41a,000918.dd6fb72207e3474f930ab1692ff9a2cd.0017,000918.r5dd2e72b3a3a47e6ad4cca0a73850e61
01d07372a6da44ddac589fe825270b25,000509.9c904d37ff0747718455984a0afcc553.0021,000509.r944bf0d5f314476aa7c1042f750c6c93
38554e19d5204af8bcdf6f6f2cc5dbf0,000439.cd74ac0a935d49abbeef1d7bc01eb3f1.1519,000439.r59c860182db14d04adcefd1e76fefe05
f66d1ce9d0104a66b8e0ac71fb31dcf8,000223.c134d77ef9144bf79d75d13bdac76dc6.1706,000223.r1b16fc809ecf445d932458558499b716
8e6f7751a1f142adad7d23f97f3f734b,001356.c532ba8c59404bd6aa5e0bfdf4f294fb.0103,001356.r8ab4055b03f8466b998a74b1d9e91e66
b5d78ab96ac848a08bd53c712096889f,000528.6dc41c190f714bcc8a18896d334aba72.1026,000528.r8dfacf449a7a4e6c9cef25265e30109f
6f1e0d04c9fa41c29f49b77c2366b084,001078.e243511a46c846abb115d2df9c4e8747.1104,001078.rcabcb71e334a4eeeaefaff53c6f96aaf
20859d6c4b6e474e826219e665545d88,001096.ec3e8cd782704f65b55bb629d84bd362.0045,001096.r2999e88ad5f44d809d5cfdd84856f6b1
1e7145fa166746b1bfc7197c2d7883c3,000781.8b2b74012dbf48babb31337f525eeda3.0130,000781.r5ca9893515244cecbbc09d99381f9a95
0c00a855bcc84b34856ec6155e3742c7,000722.3bf5d04ddad84bb5a45bf20dc938d6d3.0151,000722.r20d82cf1c3a646e0aa93c6f617ff556e
f63f57c1912446909eecdab58c9f052a,000971.078bc134e78f495baf01d99554102aaf.0423,000971.r4baaec39ed304e90a882b17fb8f20322
7f527c9bef2544fba56c16bc9de18be3,000454.068ea19948244fabb064a354371a8422.1036,000454.r57812aeed6654f6dbebfa76f85004d93
102bcf4628c04119ba16ff76dc9509f0,001998.511bca8aef9c4d11afa00033af614f2c.0652_cancel,
fa9e69159697496ba0569d05bb359dc8,000523.765fbad297974e3e9189d575639ff469.1451,000523.r1a0b9e502ff948ed86c198ab1583b62c
2798cc6c017a4f17bdc3ee1f8dfb0b8a,000218.44789f0e67f548249f31bb8fd7f7393d.1728,000218.r8c32d75af8974badabdad51e18fdc454
d9fd1d57cd864e079f707f94ab70c299,001022.522fdaffba934f00892870cd20e75fe2.1448,001022.r64ca78b736ee4b908cf01a81a885daa4
f5551129fc8a4f13bac7a2e72d8144a0,000160.8a455f1ed508487bba51a1fd0a758ae7.2151,000160.r7ad294fb7bd74d9ca548be7e563d2208
56f132fc4e314642b3bdd0320f3c6864,000110.8f364f9636a14011b45a14045f9ed1e6.2201,000110.r84d186023e1c466f81d221ee96bc4406
a4438252418e4ef38d15aaf9bc2cebb2,001662.ef1884f125f84c6cae8158337b4d3bcc.0419,001662.r4329d42d3e234dccbe5824a5c86ba639
0796f6dce33140cc872b26c8fbf3eb8e,000407.ecb4ef84d6ef4604af7ee4042d0fb981.0609,000407.r04b037075b9b4fed8e695094c41239b8
21a1be5dc8d8485c86e0d89f5eaa78c8,000614.a6b58a25fdcb4278b1fb5970cff194ab.1704,000614.r139908a6e3f74f138dc626b273d71741
a7c6da3112f24d3aba4f9f8a26f2acf9,001806.f58dcd0fe762460d80cc55ba53d581ed.2033,001806.r24acaef4e53f4b56a28cc8aaa71084e6
5f34df8b537f4687b3271620f2cc22ba,000524.b0b33dd45c514466b2ea1ac0a07c452d.0521,000524.rbb1e07bb6e574f178b003454eb298575
f945fecfbe88467781b31a1f0eb2b453,000984.4f033a4ba6d7476cba0f1cab14f4b0d2.0609,000984.r71fd3c642830489dbe115b971dc7134e
4f0d14aef64a4661bf262601c17b5997,000179.50f4e23c76e2483aa4f094b16ec69292.1112,000179.rdf7240021adb4cb5ba8aafeae98586c2
103b20bb6d874449b4f5084647e16769,000251.d8fae5e76fae4940afa85ba56ddccebc.1257,000251.r972c708270fa47c489f2b47a56238a82
ed7777f4bb02439abf769c6431e729a8,001621.852f81dac0044b818b382339bd2c32a2.1712,001621.r9c1484163ef54b56ad7fd38e88f22dfb
e9faf981ee7e421a90d322208af5661e,000214.c0837c4bc51e4290a0b288bb5698f522.1932,000214.r4cbde27ed9bc4ebca954b31f66a6229a
a517c539d1e648cea137cdf6a61e4569,001919.eec2e9d70e324416a89e7496ff559111.0025,001919.r62fce2ed065049cd87ed4f8c4b5e3ce2
76cfd22fac834f05a4f231c89bce4ad0,000586.9cadee49bcbc4781894c14700c1d9315.0222,000586.r89819a03705f470eba64a8d766c62e91
74dc6e7ebfa9442493bc043634c5167d,001454.1d485192821645739b9579f9c2d8ead1.0412,001454.ref64b84714594c3ea5c586a77c6855c6
76ca603f81154d5baf4f836ef4f2d13f,000524.f9142fd1148749fdb7b08d32df5a3f85.0416,000524.r7bb5b7648fca4a0081f521cf63b321a8
79557b0d3ca9402b9cf376d01f9c57f2,001230.b43e1a12d8274b45bcc88b4ce12e9837.0712,001230.rbec618c6f5a14a23baaf7d300ff63fad
70de869efacf4f4dbc3df76f458ce2a5,001886.d170fc26c2fa4e1280b4e76a8af3c833.1655,001886.r4248f11bf1f64d27b4e2c31273af3aad
c4b017cc51314e4ba37260716c21ef16,001066.559c9db5dfa94a83a2e357990236a6f7.1927,001066.r46d9240855ee4d24b6055e7c305cd674
a91510f90afa4f35b074ca30223404d2,001607.58c70c668c36411ba29af4fc2fcd4dc4.0008,001607.r29c97fc1dc274b21bd374c130f3d5283
50759b5cb77d418f99fa9ec238ab210d,001400.c58aca82aaf546a8bfab92fcd48db2b1.0933,001400.r504afbad439b4e70ae9c24b11824a952
a16a43991f43492ba8998d8ac1c8500e,001859.c62673d019d94ef592d8aa4f9f73f3a1.1326,001859.r16bc0e05948a44b68d656ddb1bdcda5e
73cd91a2eadc4822a60a27eeabf563eb,001155.f9ba3f29a22a46c98d9792f2007d2c7a.1351,001155.r873fa725ef72491b9d85b5f25cd17888
8fdcb84796c24efb9bc06e4697d1459f,001588.11e4a15a5e584091b0ca26b8c7f09d9b.1723,001588.rbb3d4801ac08421496f91c3c39b22f9b
c2139f58243e4a699ed86232eea4b711,000917.0d942ec4861040cea4049015c2889e75.2235,000917.ra8ad3a14a3074ecfa3f69f2024c5a76f
05fcf3f78a814269b46046ce8567a29d,000950.64c070f081854f8cbe93a818b088f635.2359,000950.r5bce7161c4c040ee84bea833c1c47df2
a34060fc2c45484bb502f6f2b7cbaf02,001206.b0f52e38505a4ef788a05be98e59496e.0223,001206.r2e43b6d5fb334d70a6d73c211ebb5ff7
af5bd3bd9fe34ff194a90fc169fe4d6d,001932.29b6e4e92e2c434e8117bf386d05e3ea.0545,001932.raecea7daa6474c69a583cd6f6b4d5f3c
0eef9df85cc14dc980c94d5e20f391c9,001763.6e60419c55e2412ab2b70e94af0d7e7e.0713,001763.rf89fd749e5f74d2289e8f67af98cbc8e
cdbec297c5dc4330a0ab6239a2670954,002022.a78529ffc8c640daa687af09e4575515.0852,002022.rfd3ba14c110d49548c937c1769bef519
56117a7f96064df28fca09739eb7771a,001113.42eb43d72c7d42b6ac6e514bd341e8d0.1022,001113.rc4fdf5213c0544bca30156756cf99c1b
3ca635a8f692432ba5a97b8c80c51d0c,000805.63a5998cb92f4027bc593f88d1369359.2227,000805.ra11b13e3f34b4e6a9060f401ec9dd6f3
91b4e84ecbb943479d3b262cb3f3bc78,000321.e54e32eae6674b3f84a1c5bec5a5e258.0234,000321.r24686d18962e427a9bfeb5c9d043fa70
0425485e771c4e92b1d9094264882c85,001249.75915bf31a3f499993189cc92a2df612.1539,001249.r935ec25aa0ca4554a0b4225c1b21362b
ff0a7b9a58974caf9ae4ba1ec24142fd,000860.a2123469a7084a57871b367a7e205a6d.1827,000860.rfb6d6833d0604ba9b3b56ac828606b20
81dfe797a8c34baca43a1270890366c0,001477.0d56679df9fb495db4adf22867ff6195.0853,001477.r917f26fa84f649eb922cd0ee0d725903
86d2109c2c254374be62cc9b3f7eda18,001393.c4fbd77139a346cc98e71eb6fd380f30.1746_cancel,
c4010f25a94a4ca888660744f74005ff,000503.689ae53a80eb48ceaea0954400a3f4a8.0003,000503.r552c1fcf89b84f24a50da0cffded8d75
fbd93bbc8d5747fabb1a94de13f80004,001653.8e4bb2e654ad45c89e3b3bfccb2700dd.0744,001653.r9adc5bd86811408ab91b7c3bdd3f36dd
6522ff1813c4433189952c85dc7e1b44,002020.62b903f11b274205bc04b363a833758b.1136,002020.r3c5d689ef6ce45e68d78b09018053c97
ff15abc943c04515b6f64b9881935348,001717.27833d57e3874423bd7e3e124581e8ef.1536,001717.rebd516336c8f452c82fcfb6dcc479e38
3bf70aab9cec408986a4633ba6782663,000287.54d6b0e968ce4038b960828cd8ece7a7.1935,000287.r1e5b36beb6cd4977983b8130c75a95c1
340f9fabe48d45f6b1015ac4af446b48,000485.2712d978003b40ef83e7799b9d57c5d0.0004,000485.r46971b8b01194880a1b25bd49a9fb8a3
ec9c0fed248a4f0da26a2408886d7683,000823.50ec58098f294b769ff88522d75afe30.1430,000823.r216e43db91df465e8629b17dbf0be175
eec8cd3621184165b8bc69e00f64f78d,001760.7f2dce13fe424662a9e752cf14e96510.1607,001760.r9b236ab1a1f04082962d703e4fef2276
bf4062f8301741658a12886fdb58cc14,000976.9d59a4f7cc714d1c9823e67eefded2af.1620,000976.rcbaee7cf4e7942fe8ce4507c855c346c
745658c1f7de4e91824b778b11c1591f,000726.f6a53adc4c314c51b7ecbfe5a74beb3e.0031,000726.rcb3bb07cd1154afb8f2473f241be76e5
ff9663b6b5dc4583bcd790e8c8affc8d,000370.afe4e45b6d724156b68d75eebbda78e6.0057,000370.raab4ddf783144ee5acdc9400a05635b1
921f067192de472f8392fbd729248ae5,001442.3c6c4d1eb1334a62be5d8258ecd6a9b9.1311,001442.r1a36fa297d7349d8a9eedd7c3eb856cc
e136a74829f048e2af3697c68b05a8fa,001403.e42c51f54aec4808915bc3cfec811c52.1429,001403.rb3db405ef8e94392ab596b8a4bac25d8
1fc87fd8e68c4a2087cfd54499e61d6b,001119.9c87140755f7494ebb6f42aff9475c27.1531,001119.rf5982dff79434654824e5c8f81dc3f2b
6a1a4a0cc10c466998376aa42426194d,001744.cbc7c261919d41248ba6fa255b04040b.1657,001744.r31c397e7a4284fd98b7953153eaf97e4
11c57260450a4a1db960957711940b7f,000384.d7ba1dc6376e461b8d6f643a0d11bf8a.2018,000384.r595a2133eaed45cab8fed4c3a7b8c4f5
15cee9676a65464dabe771a25c32af5a,001905.3ab581c2761f407b8e949bac8a9ec67c.2228,001905.r9c3c4e859c6646f59193f84dd6aadc78
d9b13f2ba2bb477da7c03f8204341993,002014.fed8dfda45a441eb98a580e8bb1a1e55.0434,002014.rd5ace16b87ca436d81ae243d39d1e9c6
2fd22a8aeb5a4926b8f7e12b86cb1934,001014.3c5a29de634f421fa63237b7b5a5dae1.0547,001014.rb324f4687ee1453ba47f983c39c9ae06
c646ef67952c4f588336e0c95c9d5cdb,000734.b042acce2630432d827470be13b21802.0819,000734.rbc28d785d6dd408eaa71a2bf4b2a89b8
f6bed1d345ff4801ad119398da466a73,001777.a13040f1631547c1b4b1ee2fe8c6cfdd.0958,001777.r98390a23de894a608b1322a3dafe4fc0
14a63a2f9fe044eeae0d2a5e730f40ae,000588.275a143eb3724df1b8eab2db9c6f2e1f.1220,000588.r80d5674653d64720910ce5c7bb99d211
81794618257d4ec4b08eb5373c8499d8,000716.007bd63154c44bf0b6d6a3c405ca541e.1234,000716.r12965816b2a5492a84f7ddab041c25fa
e685d5d287b34957a2e934d0e97af33a,001231.a6982a6670964a1abe86b87bdaf51b40.1330,001231.r79e4953b86f14c67ad4d575da369f7ee
e3ab7d4ce3874a0999861c87c93b3b3a,001031.fdd689adc0014d36a449c2111517f7ee.1744,001031.re7f595d9ed0b4ea89066d0a4ec25feaa
ad944b2fe778473c9f4e90eea5aaf412,000474.2526663fd3eb4d399c0e48970b9976bb.2246,000474.r5d69c78ac9bb4f5d9d9aadd87bc1dd59
8d3e307f69c041b781d8809c22577b20,000667.787dcef2709e4e68870519191eef5abd.0848,000667.reaf38204097a43199cf779c98b9a796d
fc058533906246dea1877becbe7a393a,000519.b953a69f7c3d42b4a353c4b2372ae43c.0959,000519.r5c5ce6167a644c67825b77027dd284d2
8b21d442b56443319b2f94ef373e72e7,000086.35a49c9d30894c16b5dd1cc5402afb16.1229_cancel,
47d059d0666446ecac20e5bf182e447f,001297.35cd3e39787c4ee681c3a97e86bf3410.1453,001297.r9658d8cf96894504b00fcef558064690
9a06b28880af49789a115ccdddf13b2c,001993.57e8696359484187ab02e30736983980.1624,001993.r89cd879b61b5436aad49a0dc9ca3d054
d841ce3348654412a871e92b2cfef4ac,001858.35f77493a7824fd8bf388166b8eabf43.0212,001858.r971b9ae653364cb7a7a6ca496e5bf5c2
648551b7b24f481cbb2956abc9afa084,000691.e2f175a66e714a9093db3459994ee7b7.0950,000691.r37a9f3e69c14498f9b0e1c909577812d
baa9033ef90e4bf69b11f1a8fdbebe8b,001199.b2dbccd006ce4515849b319ab09a0a5c.1401,001199.r7e77f238a63841d0811c8832dbf60af2
bac584422caa4ea1a1a9e9a1957fe8a6,001043.b692b54207ed4003a569fbfe57d82b75.1700,001043.ref07eb6846d848a1bd1134d45b2ef92b
90410e9933ba42449a9757a63c6c3105,001500.eae8a3e72e5b4ce8835e50702e1289d4.2349,001500.r736eeaa61f9b4c34b39eb63f3002a4f7
e3c416712e7f44a4b166321457302ec9,000472.e12c2319270e46e29b89cdf46e2d6f60.0043,000472.rc77e80441a7942acbcdabe70ccd982a3
447ec23751ed4bbab77f67be649e9bbb,000944.cb0971e53e734789ad88a9acc6827764.0253,000944.r96d1d8a8421143558bcc93a69dffec77
4448a66d1dc64d2197ef965e898e9505,001391.7128b310f95c4b7e94af1b9c69cdc310.0742,001391.r1c980bb31fb84948a6657d7538db8d96
97bd544fa8394ebc9f0f8563925af1bd,000480.8e9d08f8c9d5450380b94eb794eb78b5.1310,000480.r4543268293ed4e6fb0a214fafa59454d
a83e604dd4674d30a63455f799f542f1,000361.7f8b83204840409fbd0903975d87d2a9.0940,000361.rf935deda50564c8695f6e41fd0d47109
61876d1c3daf45b69192eecef86bd098,002038.8169d95765a24b9c89c12f0c38d5cec0.0613,002038.r20b87d7207314107a41ea7c4cf63d038
eeec08078b134bfe8ae7cd599e8ee6dc,001698.6f941a25cb84440fbcbaae3c7f5b1ba3.0719,001698.re5d4b8745e0c4f5b96ba00723d2fcf11
6434e74cd0cc4ff0bb2dbd0a88eb747a,001367.c1bda885c0f849719acf3841495f786e.1212,001367.r535ef348c6cc4cb19fa8e3b50c9767be
7f818677dafc48248cbb13789ca9c3fc,001585.c7d60a9638af415186e0726823e00006.1315,001585.r521b013e9e604e2a8896313a9f0ecdf4
48995751feec4c48909cad254e0774bb,000142.5f12c5277de147cc8e7de07beafeb1df.1604,000142.r85e46970b81f481cbf3c8422d7214589
8242c21a0b5540a7b37476748e4e8e36,000000.e95002ab920d45debdcb2dfe4fa4f4a9.0301,000000.r5cdd2cf5376a47e3a2bab6562daaec9d
3a93c358f46144efade650e5103ee530,000213.7dfeb7011f8741e5971b11756810cfcb.1339,000213.r9821526308e3439d8cafe692be272b42
d4a7a8effc2c4fbe9779f39c1358f63b,000381.de090827acc848a0a0fcc9240c854fc7.1749,000381.r719998396c5540e094dcbb4e37a59db1
5e83ab6fb17b4f368e7e831e3de74222,001324.725e4696ab114c53a9cc86183293acf3.1801,001324.r70daff29dd5c4b76b46ee8790037a304
c03f95c74f8b427db47fe9b6bb93695b,001394.9026a62ac5cf4a2bb765065ed052e237.1907,001394.rc1dabf7e8daa4d21b5eba7bd743b971e
a1329508f315422381667006ffec4969,001485.db2867887b8349a4a363f90309905176.2000,001485.r37712e1f655743a789362bb09426787e
5b5dc66dd7834f7c85df94db0de98240,000686.b8b215b5830944a3b479150225675429.0826,000686.rfbebff626b8f4c25a524d4cf61d06eb0
c8f31c7fce934f75aa679cfe8a5d1735,001245.1261d8561eac46bea6142ed58614d03e.1037,001245.rd803f2488b2148aca6536b0fe46a4d4b
d1f17e01c00342df804540e4d08727bf,000267.2b2624fcb6d5410b96e59b10d6e4c3fb.1044,000267.r27e40cc40a614673b920f179bed10dee
f2aefe56fa5e4e20b0bb5ae40c0ae327,000076.b09256ad4fa5443a87173339e5aad470.1259,
781e9e46ad0849ed85d00cae0d261bcb,001666.8e0aa74793fa45b4a4b580593f819f8f.1649,001666.rafa20574d74a4d2d931fb1a58a22adac
3403b4454f414cf684cc0a59a3a60beb,000608.8abf7ddfcc254d5a96cabb45f3df9503.1746,000608.r577e8c0ce60d4cce92db9638b06a5c08
482b304c490b44b594923274ef4ec14f,000788.c1103447200e4106a413d7849c0f086c.2125,000788.rb131760f1222497c8e6fd3e3e86c60ba
5329d0ec68e548c89b1cb7d9771c3267,001697.934db0c9ee6146449aab82fe884387e1.1749,001697.rdb5b9f3d6cf54543943c228a8181f374
60ebdeae9c68401ca16a650ad8d63da6,000077.142983271b194e50bf596aef16622109.1750,000077.r2854d1d9d4a34cbc98555b1abefec5c0
5db7d11ecef64fbcbbf288d6b850a191,000925.d857754c4d714bafab2214f4b8067f3a.0935,000925.r0364723267aa481e9f621d1409a87f0b
2083a9f5b6494b209bf4c86ce73e0b86,001648.19cbf8ffab174440a2f903b2e18db9a6.1006,001648.rcc16910a85e54ef680320ce395e37e77
9def4086886a4b1e96886d1dcf3f1c2f,000598.136e73625ef940d4a941a52ab6112782.1237,000598.r13304445b9a14deeabf99702ade44e80
579e53512945462eb4d745850e5e724e,000455.d3be6d92e41042deb30e53fa1e831d29.1745,000455.rd46dea4b9aa94b07b0af05b5eb8854f4
47224d09e7db40779ed04d9e0e4314f0,001370.4d819aa2e0f54298a88e2b344bf1af7d.1748,001370.r8d4686c10a3544b8b95f15dd4ac26feb
c0130408bb9d463f9c9b0e0a9c32416a,001868.3c22075ffc0341ae85bbf6da29c46f93.1914,001868.r451e255bba5344d4975d32e50d23c68c
67a884c14110451aa84e25b6f328949a,000436.b3c90f887df34c27b886cf389e2e9515.2221,000436.rfd4908e6a01f4908a719f1bd1bb6f29c
ff554c66a10640d0a8f544d73e281f2a,000065.29b3cc5d2cb54986850d86c67a0aa6f8.0920,000065.raa7fb7fe485747a194f41f6dd5009c0d
4e46b3f844cd490ba801ec2752a0e2ca,001181.ca896262d6794a1096f304e5d49000e4.1705,001181.rf2769e38b0ae494d88aacc4ac0f2d33d
b95a07d0267b44ad8d6847ee891be700,001385.9425667d563341de8c154d4400bfce12.1825,001385.r62ab1cfe181f4a6284c9b148d8169dac
8a8cb7ad60554e2ab87981689962b3ad,000037.c4b556f7e16041fe9ee5e7837e7a2030.0054,000037.rd3a998d15ecc452aa7d5c69298160280
828b189ee7d848f59d158d4724903bed,000842.ef583da5317145cd897b80471f8c205f.0618,000842.rdd152cada57d406fa88eb51928c7d98f
e37f7b86a23446008b6379ef9bc5d92d,000932.5ec8a3e6a4ac4341a720811a17f7065e.0837,000932.rddb32633b1dc4b98960c9d1f00791f22
418ff833fbb5448e856f5a9b7055c5a3,001332.11ab54dcc827486882d36235d20ce09f.2042,001332.r8299c25388444a9f92dcf5d1d4e828e6
3fa49c3d49964ddaa916b59c4d2e78b1,000638.7d6b1b48309d4748851a29d6e57d38ec.0612,000638.rebbad38ad43f49f89f72509bd582b35a
54a92418bee24014b98c32cfee4f0973,000800.1cbba77db9284f91a01832dce9456557.1351,000800.rd5f28ad863734dbbaeb693851925f921
a7766579d19946c7a461914ad14b3404,000220.50e5cb30173f4631944df90220d643e4.1631,000220.rcd7c97027fa84c60943a5610ff8c741a
4212340b0603492995895587bd137539,000606.2bdde8281f604c0eb2121f67dc25eef5.1700,000606.r81196e20e61b42418b9e181f15f0c883
51b6d6172a4d4cec904d5b85b6746818,001763.d7f9478f07f54b78bdb9784f5fb13b36.2141,001763.rc4818543a6944bf8b56989b297588fd6
fc14bf8106fa47e380284537aa0d5c30,001369.30f1f8cf6ca449e38135f1b989385506.0616,001369.r93f1b6f2fac44da1bb511dd61762f7ff
2d3d9ceb31fc4dee9ddd667d7412a924,001445.339fed94ad6349c888dfa349c6d34229.0749,001445.r55e554cea6b643a2bee6aa9967b1caff
5c8dc9aa35f643bba850b9109c8a8e3e,001392.e4deb5493d8d4c2585784ebc6ec85a3b.0820,001392.r6851f58fd01444918d07c606ab4762c9
8568f971ec104cf58340a5a756926480,000798.95e4bc8278144181ae5b290f274ec61f.1052,000798.r8b68597201ea449c88f27c3c831053fc
9def01eef2b9482aaec10279652a44a2,000979.479eea4d1298482c8c468cff78bbe496.1128,000979.r0b08d3b0e8844b8982a5642576118beb
28e670f61f6340f5ac2cf7798bc0f799,001159.88c4511bd12d4c0da5b890fca64d184d.1409,001159.r96ebcb36439c432d9caf1ecf552f73cd
b80b3f33eefd4b6fbcf3d95ea102d70c,001884.1be8503c782f441692f6845035ae0e45.1531,001884.rc3bf211aa1014d779b179293717cf7cd
688f70446b914fdf8587b9149bdf0279,001212.ef6c7b5fe7c04721af1b30b39a5193b8.2130,001212.r8de119701f854257b9569c9cd19f768d
c24d45af1d8e48a49f8f997399569f8c,001099.53f4d554d9684069b44c432f71e35b82.2207,001099.rae4d032904ab4dd7bc048ea6dc134311
a116ade9575b450c976fa49719a693e2,000172.b8ac418db0fd41edba7c6b25f1f7a4ec.0430,000172.r7981cc319e6e412d815878e15e3b9fa2
18e86c0f811f4f2cb433cb97a0d7f436,001065.99f8f0bbb51647acba576a37774089f3.0447,001065.r9ec5e9af4e614cff9e5f72ececf770fb
c9f5c371988d4bcea62aa2d2c114014e,000289.0b3297d4aaa6423e84c45dfed1085f69.1022,000289.r58ca21c9965f493691ae9b5adf52e5f5
9ab439797b82484b99d53c74bb19963a,000049.1ee718c08cc348da8b1457d3726f50f1.1547,000049.r079db348244246799ee19ed78d39f2fe
3a1fec4ecd724eec87ed24a6ef7e9db1,001959.4219a5f02c594bc88d1d9dda9850cbd4.1820,001959.r6417f8b3faa448d487830708bdc4be31
84be69fd6ef047c2b5f87db413b0202f,000777.8c25e11226924b48aac0ad425d6a544d.2052,000777.r2f81836e867144ea8f67075bf4bfb862
622c44658c9b4a319cd2c84ed1800913,000603.d757321e77084ed5aa1466b5115b89a8.0139,000603.ra590d355154346b3b28d23bd598ac2eb
7ad1700099db4ac3ac45258773a787e4,001320.e78f75d1045b4b63885f384ddc3307c7.1126,001320.rb53325039cc846c483136c7a17a4110a
c99f245ecb1f4d89a604449355b9ba48,001002.9f8e7cb4aca44543955b0b9d577fc32c.1441,001002.r8688f5454d2f4221807f9028c09cea2a
8a704d8b13be4f4096ce7f07393bdebb,000901.0e0f480a03cc4fff9e4c9130af2f8d3f.1542,000901.r6c219d57cb354ae9acf54da53b0febca
71ac9557189643a6a333fae1ac6a9e4b,001947.5866de54ddc24fa38d7b2536c90307c4.1747,001947.r777952053a644353b5be69b3cacb358e
d60302f898894864aa72dd23d64e904b,000002.cadb90281b5e4be2a01358ce2087669a.1838,000002.rc253fbc6e6d1495cabf28e1563177def
cee35416f59148c5be6789de453b53cf,001458.572a1a47bff843a9984e0ef6dc85bf6b.0014,001458.r31fb86c7398f4ff7b03e97915179b018
089f9351e7fd45f981feabb9057d0275,000697.fe97257c5dab4547a5a65582f7ab511c.0817,000697.r51afbe4e2e114c669bd0848f3f5f60ee
46744d73732f4daf949d4c57bdec5a3d,001031.900a23951cf247fdbd92d8f8952f0286.0823,001031.r2825f7ab5c864f669d273252525e2cff
b7d037757c0347a29535a811a18f1102,001342.877485fd601b4d448d6d51973951cc22.1815,001342.rc53cd31d6b644e84ba2f449f60dd3086
f5f68206d04d43abaf073986bc3ff825,000026.da3058822ba9404389ba558319443e77.1916,000026.r9eee878937b34b1abc0b877ed2387374
416d37d373de438992cbca0aaa4e6a8c,000921.7b9727ff46ec43d1bafef4b95b69b9d7.2145,000921.r0a7e26c9081d49e88829edd195c3c0ae
d7ad60c0a38c4d64becb879a61939db3,001441.b93c8624dfcb4eef8325091ea5b4a87f.0018,001441.r31462bc84a994a919d0ab6c186819dc6
ae3dadd8a37348d8b58c1c53869c29da,002008.0195e622c08a43208008952978ca5b5c.1118,002008.rb9bad47714bb415db48563d1cdf7f226
6c0d8a77592449c9b51f1da632595cf6,000503.8e2eff6e02f44118aa13ff0ab42b677f.1422,000503.r8bad40c3a87543a9ba32b63dcd46917c
edff00ba2e6646599febb95985fabde4,000163.1f767102c089450d829710183e419240.1729,000163.r227328ec0e274897967340ea95242df1
aba35f29ffc54c658ada52d46fcf58cc,001884.865df100cab34d34afc17b42dc6c53ad.1834,001884.r9c636ed5a50a42f58f63d764ea4ad7a3
4ad0edbf5b414752bf1d5701e914b95b,000647.7ec979509c2541aab9c9460c56e16980.2317,000647.r23e288f356e5472383a7c0be582e37c2
a3ae507953d3485bb023a226693f2450,001118.e8736dc9354946388b18007501f0207e.2356,001118.re631bda425a3414a86b8f73fd08564a5
d7a6147d4b564d2f8988886d4f038b40,001990.8f1b8ceace964b7489c9ce9e7b6d4cb7.0420,001990.r90c48b43e91e4217916e08dcf9c2f8c1
e5b583a9eb2944089b0559f6e0fb679b,000850.91d5971d06f64672ad1da487990ad998.0537,000850.r7b9255d060d4417197794c36fe14c9d1
0ebbb7aa08d14c3db431c7a12f3f7210,000439.7fae7fa4ee274516a8ddb94c97cf61d2.1431,000439.r9076de79a8584ffeb096c323b758b2d9
14cc6e182c6d426989d649d4906611ac,000302.18f5888aaa21421cb875a32f3a514e9f.2235,000302.r752cd9ee985d486d87e5efa68f6b11f7
44fecbe7d5014588a54455e52faf3e74,000127.16bfe65b2a2c425d983b35912daef0e7.0009,000127.re49b85adfb3741e791958c51a99faed2
601500262aeb4c28887649fe71ef36a2,001059.2435245f0522467ead064fb2d2579e59.0932,001059.r293ade4c243541ee820c272725a8a738
b20d61a51f944d799a0bc6110489c2f1,000959.2e175d3b8aeb414e94106967d10219f8.1050,000959.r51f00c17564b47e4901b479db0dfc76f
5fc609ab9901468993bd299098637109,001769.c2f49838cf5243a494a16324a4fa07c4.1112,001769.r916aa9e403094a68998427eb808f9293
514a5afa2ae4420faf69397522455175,000396.fefd4f1c505c4fdab2656aa1bd3da4e2.2247,000396.rd4ba3afd6a7e498985fbf1acd773fcb1
89f2348dc4204ced9ffeeb1fcadf5fab,001713.f8a9f832709f4e5d858a9313bd6032b8.0041,001713.r3022e8dafe93416e8daa4b31dfc00381
ead9dc4f5b0b4739af95e6a4e26e22d4,001770.07e5c22527544f8fa5b23a8e87b45e91.0720,001770.r243a3561020f48aa808d97aa79fab42f
47c31ea3511847b1ab252110153ac67a,001759.725a3d3c4a8e473abe2b4f1d9bafcb9e.1916,001759.re7f8e729d249439ba39408c713853b1d
d40df27ae4544b89b1dbb7316b31ed13,000799.f0d7eaae28634a298514035d3d9cddcb.0238,000799.r45ff19eb799b48889e1e567e6410e100
e76708fc61434ba6a13b83d744eccfdc,002035.777a13c6528148c59f62732b2c649d8b.0440,002035.r59da6d4129c14b2fb38c86f16f838bed
d82a5aee70ea4acc85d537e27857a1b9,001141.51ce7f6172194079ad536d843a90ab11.0558,001141.r037f341b0ebc4e07b7aac848acac3840
e92f442b66fe4c3cb7f7599eb63d36fd,000801.f3f72b40592849fcbc7938920e78a0d8.0716,000801.r5c73601d5f8f41b6898467127a79d658
73913769245a45d2bd20f41e58ab4652,000340.eff3582e036b45fab7b4d30a2b2e3922.0831,000340.r8a995116e1504101976de149838d329c
2698af192da74f04a436a1bf10ca12b6,001582.bf6b82ca06ef4767b41933df2824b0b7.0909,001582.rc46361e4be214114aad16c7a1f51b16a
13cd7d7efdd84cafa86abb869ec6c28e,000105.4ff5fa8cd9644d758fe18e5303c12545.0910,000105.r8380e226a9e845249d0753a16b4b0ab1
fec08a3224af4a3b9a82f79ba1369d79,000755.30f289f338f3495c9babd02a14cfa4d5.1019,000755.r3a0f13e5ec804d198687bd3fa0f736f7
4172cbc843e74cbfa44808eab9aaab7c,001163.0767fccb28534af99e007234a778f4e5.2028,001163.r7b5e71d559ee4c678ee4f2fdc3271164
eca77d16e7ac406682d6b76a4cb40dfc,000538.bf660574e19d484db08e359915293093.0224,000538.ra023ada12afc4c38b57796db846caf77
1a2724646398435187beeded416ac5e0,000445.6d4137dcbc7f4402a80b581d2706fb33.2216,000445.r9caab8c225034d8b9e6880f50542ef7a
00ac865224a64910a54839af136bdd21,000337.4396f13e4b5c469cad34e141bd4832d1.0540,000337.r296c2c3408d0412fad56d1fa15133f40
f78c7e0b41644ef9bf2d7d76952961d2,000256.9737f6d7b09a431ebb0f4c2c58d84067.1316,000256.r9cdb520ef5ec484fbdf19d2528269ba2
edf69eaae982468e8c45dd870769d9ba,000629.d7c4461b8a344f5bb5de57a464aefba9.1643,000629.rf920e6f1f79b4f669731dbb31c40c0a9
dee38efc4a69436e8bf20b1161daf53c,001291.29231fa711694151abe0fea265ae2087.0301,001291.rffd722a287ea468e946e9e586e699aad
48478a4bcd1b4839b9e2977385dbc965,000803.8302e34ca25d4c37a6b37200c0cef94c.0356,000803.r1567294bf2e74869828e0d6a9274194a
6f7364aa298d4bac82e9a78eda7c4013,001109.f8416c3cc11845cebdd06bebd09851e5.0841,001109.r1b8093645eb4480983cc5c2db8e1f21c
5dc495c89bfd4a3989373ccf12bd9416,001967.ba7ab73064334f41bf204ca822166b4c.1140,001967.rf1b190ec486e40a9aac0412615ffd784
8a0aead539f542bdb5b12129ac5f2de1,000562.6e13394c90ee468e86da85633d15aa28.1842,000562.r2396b7f4368941ebbb0f50f6d80b2479
8051f1696d044453a1065f372d08edbe,001987.df2fda0e2f374535bcbdfc3a4721ba47.2059_cancel,
256b1d2801c74a61a7caae41a6fe22fd,000228.f79f091a8afb4f94af75647465ae90fd.2110,000228.r0504b79b112948f2965fb3aba8c711a7
d2c1599b47034391a928cb5ef254e9ed,001045.f5f055d8573c42e2a053b04182586ac1.0326,001045.r67a83f5ff7c6446a9c8a367b4d81620a
9d5322ca11d34d39b5f91fd5b1ea7041,000511.5ea79166071848338cecd2acd6748046.2042,000511.r888018bbd2854c8f9be2ee377a176ba6
16c33f239faa442eadaac0eb48af1878,000706.91bb230cf5f84e5897a03b312389ad64.0557,000706.rc91ad175f63d4d41bebe8b58433995a5
695f7037e7e545b7aa266e7987269b80,000565.ff23b9b7e2694ef79f7cf07cbda901de.0951,000565.re920c1b97838426a80054b0385104ca7
e8da67e9745f406a8221cae1bd95592b,000951.1595ace678f741c485c136a424650a31.1509,000951.r3433b28374634a8fa2242ee9e8a49b26
e23fb2732d5d48b8ae98e82be4c3acf9,000979.de352603e6a84d5d90f09a7b5c05dd18.2047,000979.r14d72aaffcdd44fa810ce9d9a9547e13
d29e31ab7e614befb90cdd3955c818fe,000500.be14689cde4b4a64907d98e139727e67.0000,000500.r9be030076591454e9a6b5b04956d7f1d
efb9720a810747f784e8c9117394bdca,000357.052e255b10ff4046bcc1b4b7cbd7a854.1457,000357.r4a505f50e35f40ca84654bc805cf1463
f405a5bb2ec94f719adc0a51e763c262,001975.3c6d90a961c346ab85e33aaa4f5cb8fe.1941,001975.rf3c6fac1f1d54b1e90ad1bb8715651ba
73d3762698f943eab4e4e24a1b6b8a86,000340.33141f901d3c4a3abc588f242b6501e0.2045,000340.rdf6e701ae7ff4e31a19fbd6c78681ddf
53f4e9fa7f4940a6ab25ddc76f9ee30b,000326.3532d23b25f149c7b23a73106a8e09c1.2102,000326.r4691f16ed1fe449f82758507aecbafec
0847f61f706142c3b21a5d78d18fa9f6,001850.bdc0b3ae0604409f8169120fa133c8c0.0043,001850.r6c80ee49afb74cc089c830de2dfd30ad
8910ee2dab0c41f59616b2051e53bf18,000788.b97305db2b1b4744b35abfdbff19111c.0112,000788.r58d216fa375340ffbd1ed916c4d773c6
a486490ba75340c2be4b7a4d76bc5ec2,000097.dfe2b75748af475bbd9e178bc15cf824.0936,000097.rb3bffe86fd5e42d9ac7f4799d00b6214
63002011ac964ba5913de23d4d18d55d,000963.8d5d4450215d4a3c851d2511ab48b4f5.1501,000963.r931c9c6c87544514a3aa357bb672e670
6328324231a74220a2fd6f80b4c42d93,001451.879cb87db2084c06b12785396391c07e.1609,001451.r0cfb92c493cc458cbcdb8d056da530b1
5ba6b8b488934b80a0a1f1845819d38f,000820.ed423f9ac62d401d8e5f5e5f69695c57.2121,000820.r400c2c5821a8459f8c31e37f5d64e0fa
d8b3f3670705496cb4183b1cc126cd24,001087.3de976886e9b4bec83f2d53e7a357899.0057,001087.rf10b6d9ceca04df8a67e572c209c34f4
9cabc7dbbfb843519b7c58df93281a88,001269.0e3bd83274b04769b8cbb5c7ef8aff54.0146,001269.rb1277174e41f43cb8c12cc84e971d0f7
bfee8e81f11346af8a67219e4ec847cd,000327.d64ef4c6b34d4f9381294e57138ad512.0752,000327.rf14430e183e148e092b03977221115a9
fd6a51dd677e451a8b1afb0be386378e,000160.c15f6aac67f346639609987aaf59a395.0940,000160.r4b8174a8eb5b4f15b0c52ea0b352892f
2cb65078dbb34b24ad1bbc5a12930c94,000024.b914644a474e4312a37ada810a083f00.1101,000024.r047ad029e22644ca97947e38bf484c19
fa1c5633be664c479d6843e5e867384e,001943.5fb77b1872024286af176f4e7ee30948.1251,001943.r8a17da7a7f2b4a15800499d6190201c4
8e779af50e604cbf8c6d4d03db49076e,000164.e11d721696df4120961cacfed30773c0.2319,000164.re96d18060c6b4819b8dc6059e8c34a84
1d5ec43f2b2f4c8c9105c260a0837b5d,001745.fd04de0a8aba4753b8e7e915f97178fd.0314,001745.rc52398a4a2644f84ac9c6030ff6ce597
c53a8c4f88744fc1a0705d75e00afcf3,000522.4ab51f97270f4d7f8078656996aeea72.0810,000522.r1bce98046e6a4fcb873a703177128e70
d097db8f1bf1496d9bad55f9cda21e64,000128.ee50d8dedf524e51bf2e9ec54fcd9274.1214,000128.rc063cdacdf8743b8b349e8d7b7ce3f20
da623b261e774d36a768c106492b362d,000277.d678309f463142e090d38969fd888902.1806,000277.rd7aee462003a43a7a8301beb5d749e27
a5d180ebb46f4966adfaabd288014dac,001290.48c485ab22d94db0ad6d2f5b82ec4f6f.2156,001290.r9e8ae2e483b54e13b1afa3791ee2a068
d8f29a6ab11e4fbc993c8000caeb9ef6,001883.286c62bbe9074b6ca7b915364f2d7953.2225,001883.r05d1218ef19141328c1afd6a32ff72fe
a58150ccbf364408ab35b81b00fc92ab,001679.c99161c343fe470c934aec6e3671bdb8.0802,001679.rd1e0c3b3962a4bd9babb237562a7e542
c46aa94d82554eb486b5404f4f71fb27,001897.03d1d74c7d7248f8acf16e8dfba90bdd.0900,001897.rc73d18c76b764a8284ad2355dcc15274
c24535dcaa2c4463aee4593e77aa95e5,000848.6baaab97fb2545c39c6bdd28d00cd42e.2130,000848.rd8f1cbb1e7ab41e49e02c58353143538
0b2f2037d4144aac91c0309496d287da,000569.7ea24b4b28864ff7b7991b7f22b76774.2224,000569.r6635c95933a64dd0955162624b6874c3
342a7fd1de9f43a9a89d2e1747fcf36b,000157.dbdd5c933939471f8d673a1b1223c125.2333,000157.r38734798a65a4bc69dcef8013db95d68
c411f2315fa54c269d90810b88c129de,002001.59e8e06509c34af1b03a3598681e50a1.0216,002001.r7707a155e0cb4ac9988185a469c9bc12
17317b1af25a4e6c9be1dd92b9d908fd,001202.6f7d6504eb964329a7c0337fe7ba103f.1329,001202.r770dbe68bca548fb9341bb47f222347f
daa64db026e14574b285d98474ee6e1b,001761.26973e99676240eeb52c93e6a42cd74a.1417,001761.r9c3efa0d1cbc41f8867070e649bb9571
8e9a993deff2407da70491c6e9c11c7e,001379.cac7f511c7394e038470be55b833d41d.1536,001379.rb0b781d8175c4ef395d37b16cf17b93f
366361ccc99c4951bc4c8be9c0189ca6,000711.93afbdb1157d4e41ab08f902bfca7e93.0640,000711.rb070dad021234f1badd3fdbe5a3fbec8
5693bf615c0b43d89770bb9ed27aaac5,001410.b277d92d91b247a8a91890121f429a6b.1657,001410.rd4a20150afba487b88df0e5fe8d8e8b0
f660a497aff24841b82765c2d27d6c0b,001665.062b67329f4c407eb096aaee17657da5.1811,001665.r493222c6c3b640f19fb4c8238983c535
e538244611d94b00ba9144aaaee96e7e,002023.d8eb761c6d37444ba51fd25b46e256a9.1812,002023.rb590735893b448faabcb1cebb2d6bc3e
fc15f65d28d343bdac20de1fac352b5f,000918.6df3ee7d4ce840559419e24439513a11.1937,000918.r343dff3c85be40a49ec4adbe0cc2702c
8a689ace365042f89c5f3d5b043b48f5,000308.d118f382004b467bbf3ad0a15b79c977.2229,000308.r56a87cfc372f4f959c9f8b279e75bb2b
d26c5a2489ed4ad38963751c9bb7f34a,000732.7d72331d4f5b44c78670bd532a732c38.2247,000732.r4508d01c1aab47fa885b8ec76b52c253
f7161183ee23472f8ab14944dbec5403,001406.4de537a232594c6fa85e875280f4a48b.0033,001406.r3d99a14b04594620bd66eeb83ef1a4b0
7b8e0a7ed1c64c719887be1879dcd959,001860.0f3556d0250144e18a8db143dd6d3617.0141,001860.ra15bba162fc14aaa965315682c9cea89
86e758c3e0994859a4ce33eac1fc7987,000408.5e127c21cb48463382dcd4dcf4e60522.0342,000408.r71510fe0fdc54b3f9765fd2bdfb5abe6
1a534682eacf44308bcd70c7acc8bf9c,000589.e6ac98b000f14cbb903afd6cae1ea0e8.0825,000589.refb8a6ec930343b9939f8c79705e150f
656bce64de62400c9147261697915e90,001432.02230e3945594740845c03b80a8f0b7e.1103,001432.r2f81f553f53e4017b87657968a0ca828
1e70759d49c04c73a76a7449baf18c9c,001266.6f823e8ac5da4931a5da208b2f6a9a40.1105,001266.r1d8e2836f5754d98af2b92a8d472fd59
7a01a68b42c44ff0ae758e9ea0b0dc34,001073.f40e85c9fd6340ffa9d6faba9a1a2988.1309,001073.r0c064bb7cdd343e292d2a153d14efe8d
951ceca496534108bdd4b5e72ecdf3a4,001516.74304d39c944487e987335fa3ca4298a.1334,001516.rddfca287595446518488bed1d7073a6f
524aca6bd98f49bbb00790f92ed4e2f3,001730.88587a968f714edd8f77501b3fb5e49c.1355,001730.r95176eb083dd4bdfa78d2d30a9e7593e
da96f94d9f4d46f4bee405c0f11e0225,001872.c7509a14c9d0438999a008d3a2b35e90.1622,001872.r3b1ced0613b54e12a7e0bc799cf7fd64
ba8970ddc34d490e8be34831cf586259,001994.1db11ede10f7409a991aa8736d678d57.1736,001994.r2b73ee23dedf4b5e94d34b0d6b8d8565
93be2b692a4e43068ea114bb33366548,001434.52c4eeec1cb841c1ac2bd54aaca6646b.1839,001434.r0a3126091f8e4f3e8c43e4967a26c314
1be7d7e0079447a89618ed219e044fcb,002026.b56d314474bc40d3a18236a42cd12114.0242,002026.r0bf37b44f28242d98fbf16ef36d3d4cb
049d3647691842788e55afaa6ba8b419,000545.8684efaa036a4000acaf43f1e7831c59.1314,000545.r7f9b14f23f454da380ccc13daf32a7e0
a2e263a073d442029fc590cc6ff75b33,000345.3e88732d81a947419783633335799b75.1416,000345.red163e7ee1cd4a75884f4178d3dd2add
4fc149bf020441d39c254a7a01cc1995,001999.f536be12bd284044b533b45da8ea7cc6.1444,001999.r7d104fa5dcf745668885a508fcf19f16
babe7fd6f9ae4d50a4533b5f32be8ced,001195.2fb9033c364743b4abc7a6ae5111381e.1629,001195.r3a710df1cc364cb48141c438b84d58af
08ebff7c560e4e7eb677a4302bd69d6e,001000.a50b0d7bf7474a09b5ff2835a20dfb98.2103,001000.r843cd0462d7e48ff9fe6d6d97298163a
999d64a35a714101bade217343935042,000538.cd27afcd89164830bf513f4993d65be4.0833,000538.r028ceb1a2fd54aaeb5d4feb6f368b4d4
a737529177804fac802e742a9f372797,001131.dc1a4a2d467b4fd1b25367e5ea887a2e.1232,001131.rc4b0060fa1844fdb9136bf80bf3275da
5f007395507847ae914fb0fcf81a1de4,000072.17cdef106c184897b3085efac0c4a987.1233,000072.r5492fd475b354b4880c89a5ca4193e25
d3df6895dd2f4f4b9f712b7ccc90ec5e,000870.e5983059283849158bf0ddc018ab53d8.1440,000870.r167319b22715445cafb5389582ac0afd
69cbbceb048c4c89955f6b464416abc0,000361.604ca517204241f68ccd765f2cef340d.1943,000361.rd6881403d87c4a5fb5c6be4fd98d37b0
eca4d46fa06040f8a78ddc1af5197dd0,000396.38074bc7a7cb48bfba3c4fd44e16ddcb.2136,000396.r903900e6ca9442779118491df01df738
e00a55d58fc8467cbf5376cdbf6ed591,000537.5670e85d2b8848dba7697dcb54fa5309.2232,000537.rc90177fe37744a92837f56e0a0beaf73
06f4a4b3c0434973a4a8d92df9313fb8,001659.16a59ed48f914b08a69c4aeb2abbe667.0409,001659.r1354ce8bad664c3da00e7e86a33bb2a4
369c4075d355466c8cb6a3c38d4f7104,000797.595b135612f546beb3e93b11a5282fd6.1127,000797.r59c56a1fb640411eb4d1570ea7e9626c
e858e2206dca4c68b3a815ed783aea76,000548.c7ea42a004364d45941e0ccf586f6e0d.1314,000548.r5a4719c0972c460dbd4f2017d5f19baa
428660f320db44d6a6ccce0f44f77296,000390.dba9b9209ee347979c46d5d64d084587.1338,000390.r26f2611d36bb49efb39f5325f982bc61
0f60a832b19e488db96fbae49a3e6e2c,001548.75488c6795304e6e900a68d205da72ce.1413,001548.r647053f6b48645cb9f1762c86bb5fa86
71e92675e3ee40a0b817f1ba945112ce,000840.e042291912f24ad09882e69a654f3ca9.1429,000840.r8fc203969d3743188925b971d6544e0a
aed5c6a527674ea6b6c78b2c2bdd4363,001043.971211b8e1a14e418d62b0a481db7de8.1607,001043.rea8005064ca34703b83a184c637ba48f
f6d6537dac66417aba4d747093c2c69a,001789.1ee4fa278adb4252844ff27337f05d37.1711,001789.r96aaf96488074122a344c8c486516ae9
1aee168ca8ac40bea94c2a1eacc214bd,001485.313b9fd192ad487a82fb3b33a166327d.0654,001485.r6fe80c7bdaa642f3bbc94bb3858adcca
35ce5482691041eabf66cb431e2a52ec,001775.29849ffeb2174ca1a1944fa7f52a2e7b.0659,001775.r14b36bb5bf3f415d878a20570a19357d
196499825e2f43779b1683b31aa5ab71,002036.a369ab5bab944af89dc1e70bd45a15b9.0937,002036.ra630b040a3574c6a84d146733ccbaa74
c0f20347eb474baca96a0e3f3cf8594e,000114.f5d83d0037bc4afd8374100ede5a09b2.1307,000114.rba27616a64174331b0d9fd9a849c2b6a
db50c08f938243e9a8b7844b2d43d4ea,001802.035c3a3c410447e488ce94df3bec6d3b.1700,001802.rb40421fbf8b54610abefa283e4b50fd2
cec64435ef604cba860333ae3ba86121,001555.34a6c45834e042888343657aac79cd49.2018,001555.re9122a8b4a27447ba58c0a5124a7e820
00a835b4ae6b423ea4bc57f6bd79cf10,001922.73e94ef5be9348b5aacaac550caf7b84.2019,001922.r4e30d63b073e4448b9edf86b3a850b5b
d835bc3ede1d45e4a68b1262f8db85dc,000609.e9cd54212022450baecb05c73530eb30.0011,000609.rc43224fb535f4fb4b352059f8867bdff
9edf22092d244037beb88cde86f7edef,000783.70b59da12f774f4283f482612502d906.0802,000783.rab9737b45c4b44cfbb78fd09bad133fc
419cefd3361a48f8a7e7ae8a7317d86a,001831.2295866ee86b423fb8e61092c4371745.1055,001831.ra3318b9606834f0eb8a9fcd0b16dcd62
253220899d094fbc90cd0dd4fc6182a9,001829.071cbab778864ce0b845b815e1ce1739.1648,001829.rb6aec218634a4b398cef648ae4a122f3
822d217b3587496b8cc725ca75faf1a8,000557.655db89d1c6a4c838b88f076ecccc6de.2312,000557.rd1978f606a2f4e1ebc37ce08d1ffc99c
e1c8aae8d2f9464b89cd200456224b7e,001589.7b30db36653e44c3b5e8aaf0648c1fb8.0636,001589.re99940d96fd04a7da9275388c3bf5989
1fa6671642f34fedaf657cf0e4b39707,001111.55b39fd47e3f46c381a1f9f9555d7d9d.1010,001111.rb4852244ec914f7dbb403d3cfbda73fb
ce0841a65d8f4649a010b1f959569140,001712.1a5367efaca44502b88d750159ea7d45.1049,001712.r2d3c3f4b356e4a9faf175af994b7810a
4be0d4a05c70410ab87bfe84a70b0a27,001281.061371340509469585ed95c4365ba526.1433,001281.ra1676246a2fa4769867636b20bb56a29
e87ae41ff9d44c41a038b8921fbae8df,001870.c103c6c547f24cf98fa4fca0aa8ed78b.1442,001870.rab59415f089e458ea7c97c7f022c9619
6a96d53c3d484a54a3945ebd94da8c0a,000615.0799ab155896468e85e1199bd8fe6475.0226,000615.r692d75134a3d4f56a564237665ed5dbf
fadebf575de842e2a63f1b7a93e614d5,001652.544e66211ff44b7fb18c1f5dffc7809e.1012,001652.r9468e0c36971471293153eb853abe311
341b80da1fd64ab589c78b07cb2652e6,002003.cdac30b216eb45d385b80ad48b21c423.0810,002003.re8814b4b00c1450980f5358baaade396
654ef58dafbd4fb7b68898468cad10b1,001163.3a47f47372434b5d9e34bbef1d519233.1542,001163.r9ef417075b39421bbb10c17d55b2bd4f
2746a94c9a7a4d6f9ada302e3a4762c3,000658.82416fe01a124ca4bb03b2bab83eb4c6.1923,000658.r47f9282a7c1f471daed20603fbadd049
c0bfc3e8376d4ed48b879d05fad48238,000775.5d6cbb6630664f709c9dcc52085b97a7.1924,000775.r4ab3c9a7aa544106a17bc956229a0e87
fa3c5cd202134ba09e18768ed30c3dec,000189.0f41e8c83ec84d5f87f0ba56007affee.1932,000189.re356c24c1d6f444198206783d89cddda
ead3f729756f422a8ad4e2011c4f6119,001911.180ebffaabfe4228863685041481c27b.2148,001911.rcf86acfa8f034212b01b530bcdd9de5f
4cb1279b2f284a61be99f5966f49fc82,000405.976a4c9e2a5840aeae460420805eb3d3.0605,000405.rb5a5fc173be242edb86fb52b3db7dd76
b3f27d19f26c48418ef051e49b0060c0,000925.38b2d58198ff41fa990d564d32aadd14.1203,000925.r062b1ba262904dd68e6a85af6cf6640d
04c813c6a85947248175950d5faa22e7,000229.57f12fbda6f8422cb291a82e57b3dd85.1233,000229.r80606cfc1bff4289a1fcf51713ce8d19
4057940874bb47d9a993e721b2325d73,000626.3e23a60f987f44c9a9de2bb8c23436c9.1415,000626.r8dfc267934b14713a433eb7195c5c86e
ea8d504d2648476ab5bedb9131d2df7e,000660.166e6ff0db2544b78b0cb8d29b272e9f.1515,000660.r4017bee85c7849d1a2190c6149e70496
c6f6507f379d4fb09b4016d6a9d26b2d,000991.292e2a6ae1c64a05bbbaf3351a38214c.1546,000991.rfdee4bd2a7724ea4aa49f48ec61ac48f
483e9680c7734605b99f0919a896c27f,000401.7c8e6446bd3c428fa3b256efc1603ddc.0000,000401.rd9d816c2b8304fbfa2cd90f7900d1a5d
e1ed87cb9f2b4b98a514efad94876732,001642.f03a3a1d244242859075894eeae51043.0714,001642.r0d15b4b935194e718f1cd5215030cd13
25066259d3ba401dacb59c5d634bf1a4,000456.a743ffb0781c480b95a944a16474cb91.0758,000456.r62b99774984f4f3e934cad7edfeacaa9
8475e3e264684066ac72da47ce8045e0,000851.208a770303764d25b3751846f7043a7d.1140,000851.rd59e3d48f8374ba7b2de53030ff91e11
9549702c52bb44cb86e2adbaf3d74a52,000742.06b2765801304125939b670110c755a0.1224,000742.r1bf2748025a946aa9aa4a16bb55aa809
bd1661b278ed4c03aefdf23eacdf11b4,001920.2e640b5c21344415836234316c923f13.1545,001920.ra24ae6c20e854ed982a23029bbd1cc7b
00b994fef60d4d0ca0193b5d357c6b01,001474.b1aba6a1c19140b2a8b3c2049c24e384.2206,001474.rc73fae7b5d554a678341a68647bb786a
9873aacbbf5b4348a692e8892a59cee9,000948.ea7b9b391c7c4bac83f6b442a66b444e.0538,000948.rfec236b2a40a4f879026d9fff9a289f9
618762e25b074d5e830fff551f8ff210,000367.61be6cedde0d47a0b4f998272fa3b9c7.1041,000367.r2eeb13ac49a04f8b8a623a393ac751a5
f0e53efacf1f407e923123970768b521,001801.11e319689a5247f6ae41bb79fbc0d0e8.0057,001801.r6cd47b9305874b5e96f69845ddd30370
ba1abca1e52e440f98b47667e9e83d9d,000861.121ce4114e5945d284ac6178adfc840a.0224_cancel,
db588edb9d0d4f688fc7e280f2e21884,001682.afd61132b3a64a08bc57a8abeea3abdb.1240,001682.r14aa62a757af4ef89405346c3198f081
92d371ca6b77429cba706442a89a646a,000142.a0e4fe62f9f64e049f33ae4d5cc4d13b.2229,000142.r8eaa75ae039c4d3496b05995f91f5dc7
3fbf28f99979428b97257f07cb2dadf5,001204.fe59fa3462274e2984d73499ffef1a0c.0604,001204.r636fc67a5759462cbeec28eaada64b63
0e73172ead1a4313b89841b00748cad2,001428.66e5b1e42c6e49788d21f6369a36c5f1.1850,001428.r188b756c0da8406090b9bebcc22b574c
82adf068f0d74aefbc2a755902b75867,001043.99db26676e754d368f6fe77215c83282.1442,001043.r54e00fabd3854b9b83e15da90a31a54b
936cab02947c4e44b56de34dfed76e51,000796.01bbcf4a890e49969ba2061c43f43b88.1605,000796.r5bedc77c25994009bfa923944d1d4fac
eb40063ea0bd4dd4a38b529cf220dedc,000656.b9bf3a0e279643dbabab8d586ee02c10.2152,000656.r6c291c369c6b42449efc7436d6519a38
a9f63709bfdb45f39411d48ced2bd4d0,000923.d3d488f267534f4580b3177d6d3c43f1.2256,
404800aadc8f4730a5d227df7b74d264,001850.2040bc50cf724ea3a4f3b71e81d55cd8.2306,001850.r7c2158acf32b4f9ebcb5eb2173f77447
b0a21510239842e7b5c3065992ece5aa,000315.3ca7eda6eb1b470faf58bf69c3cd8f94.1235,000315.r377184f3f53b4aab8637f0b148fb0ac8
e59c217c4d044bd6b3cd71a324e89611,001194.303a61c4cbb34f4bbd4483404090bcb1.1853,001194.rfb9746066c3544ff92d9193b5a1646e0
cbde5be61fe446ab904dfde5eed2e3f2,001747.d59ca4e154894f5dbcb74acd387c5f6c.0333,001747.r0fa2ebe2d72b4e7b905de4c96e4564bc
df895c05f6d34313aa0b1625964064c8,000040.7e30dbede8fc40deaec3ed5a051cb548.0529,000040.r9f0d52e954af456e8696f7f809250601
e127187a56ae4e6a92212649d7b80c71,001043.a892b35fd77c4e7e9a3a33398fcb855d.0551,001043.r875968112fcd4181b11760777e2991cb
561d13d04ad64279b1401e0e384e178e,001681.87778d0b6ec744389128e253a8c94765.1354,001681.r4fd5e2615a114281afe45be10fdb4581
fc6fc21acda24ec493c9c81d2e1b00db,000536.186735b8bd264a3ba9480878dea0372c.2108,000536.ra0839b77329e42fd91cec7138120ff63
f8e124aec18d4933a682316bceacede1,001626.578f2f5cfd574c37bf4f9bc8ef6f00a4.2354,001626.rf304c43e1eef454c80a1790d48739447
3313ee29c79d4715b46266e83bc5b5d4,001923.9da24971ccc24f4e8852903d44714ec3.1041,001923.r870c497198d5465e83fac2b7c1fa1288
a6985ffc3f714542bc047ba36fbbb2c6,000005.651c6f3695304bc5b4c3a47e8cf30426.2303,000005.ra056755d963642b08e75949d1237b0a3
98e321bda3c24d2ca6e49d1e6aaf9300,000221.c43ea89067bf482daa68d128663196cf.0103,000221.r8cafab551a0c4d84bbeb603cd3586744
cdd25a3e14a246cda0c7d6b17ee46aa2,001048.47de253225d94c52a5b32419195e22b0.0406,001048.ra6c7c43e018740e7a3054b2474eb2909
5813adae35fe45349d83ac20d475369c,000469.91e6d5e89e224f56a8520d186959484b.0534,000469.r291e568124714234bc35e922b09ad776
5bff05e1441a414db5feab09a74ec7d7,001484.9b67d95f45b546d2b870d6ca8afb68d9.0708,001484.r70f96b7022a24fdeb4088ed7d81c7fd2
3fc9d219bcbe466992686493b5a81821,001926.776e06ad9b2a4ac39a4f443359fbe030.0916,001926.rd178ec2697b24428b576e8a1ef60e940
f0e72c4fdb164b7bb6bbc8cf29c605f9,000139.ffd4d478fbf648e59d00f95809848547.1342,000139.r36260eab01314ec289bd45b1aba41112
e53e767a112f4591acac0a48de78eaf0,001771.91c350914ccb4ea5b78027cb35b28ebb.1434,001771.re67335543aef4badb8bb9229cb2b5d08
cfbed85925d948f493489e59433496a8,000029.ab1b3d6c4ff74ccba0b47a46ea39cf2f.1635,000029.r9c1bba7d44204c378e38e26a8b83e41b
a90e50fc09a34f0891a2ccf81d8706fd,000570.e05b99b7771e41dba976365ddc3e8b51.1255,000570.r9bc3ef2a252c477fb862e99501780527
1270b007ba5c4698865b54d0070bfbf9,000961.11e1539d0722496290248c2c66a8f96a.2246,000961.r879c030b3e904191bb0bb0a42890be0e
943f11d6dbb048b0a101b4047375f5b1,001732.ce43f10f6f2f4125a6c0b71d254ffd31.1204,001732.re0879b6556484b66b39f98382f534e7c
4113489b81ac491898b83b80b42e9a21,000875.f0ad8949e84a44019695d96d059dd7e7.1731,000875.r26b939ae0a0f46cc8535eca4c0db1466
a8f4522acaf942adae7dcb945a0b0071,001373.f24c39d8ce9f4a9baca32079e7985849.2337,001373.r88db83efeb194378abd19ae18778bcbd
edace42be7814742965c21bc4341a15a,000553.519207eebba54b789cf44446fc15b77d.0038,000553.rea0735561c3045268449615f9e182b36
0baac49c1204482ca32ebf05c1a95a73,000477.50501f6417cc447294a2fd423f87bb72.0529,000477.r22a96b55cf8140bf8d62760b78fa1df8
548f88b0538a43aa903bb2b2b39d9f73,001597.7a0785984dcc4ecd8dfff86fa91f04b8.0906,001597.r6cb6016980a147cca9d127a9a1999ad3
dcdc18b44af84a7dadc7bb6725097a49,000364.7f1f169c9f8048848664caa97f9155cd.0915,000364.r75e13c0c13164394993b0383e7f7f9ce
e994765bbc874c2c805860329584393f,000754.6fd0deb4bcc54075984c6b6ef919c887.1149,000754.ref89cff6174e4b50ad1617354fa09c62
20bde77f70a24c8dae3f07b2eacb575e,000095.0fce58fb23574d6397a49de26c527d96.1826,000095.rb7c80b7433474ca89bed0c2eac2a426a
e6e3857b0f9c4683bcf5cd43db5523b8,000249.21518e4b9950410db8d79e1dec71e5ef.2316,000249.rc44e4ca5984146b4a202fcb57f07394d
350cce3b18354b1d826359d138232db6,000620.14b97e94c85444358cb2b25d8136001c.0531,000620.rd5b83d56a3e943b8811fd0c625aa5bb5
d8bc3fd300794d2493b661a7f97514f0,001320.385bc748ae05459faba3d2948f226d94.0631,001320.r4443cbf87a2f4b70940581b8c2818a15
f51bc8d8f7394ef8b1d5dd1e8fa143ce,000352.57040c2ef37244fab0a9355d44d9e51a.0855,000352.rcd7447f8f8c848fca72a6bf9149261a0
5797d82c04e64502b00d84ab660e70f3,000430.ddd6d09ebe8d476095e09ad02345cc0e.1541,000430.rb691417da3534cf8a19d122cca731e60
f9aea9c7fa0543e1890bc07cdb5daa00,001982.a19a85d074d14138ad36eae35fc15b9b.1747,001982.r9ff3f623e7124919bcb2c2f85575aaf3
93d7f19cfcd14e999e8abca142405436,000663.f8e25e6285b2422fb1fd964887a35bf5.1328,000663.r4409e02b1d7d425cab49ac4f6b25bc43
f109c3237eef4750b322eee7e2c8a198,001058.8bff8b1f58014098915998706bf75b02.0522,001058.r47c3715502c544dea31470a416dfd086
81864224b5f54bf7a4dca87204078afc,001011.8282546a4c8942a08e961bd40e0b16e2.1255,001011.r234c5ffb03bb406f889176d33e5778d5
75f90587ffa54fcba13ae316edaf0e6f,000546.0065cd205dc5457e985dee0e69e3e8a5.1911,000546.r44fa01ee465d4d2da92f9395d4c5d649
cfff7ba2df244be29e4bfdb5f40d4ef4,000010.ee88f3639d3c42afb946aba1e209326d.2041,000010.r696ef873e37c4333a836dcde23bac5b0
90beb76bd4714fe39882d7d5c7023188,001772.bb29c268cabb45d0b530a358aebea3f0.2043,001772.ra434793f8dc94743a51b7ee02c5e85cd
7aa84548018c4f788ae6a7fe33f197e4,001447.1686d95d292945aa8203638f1b727a73.0727,001447.rd1a3758366fd4508a0462ca5799ad68c
e664c987073843b6aa2017942ce68a7d,001216.e9e0c32808af4db18448cb2ec59b8f9e.1339,001216.reeb8278a2d4b44bf86a96543ba8a375f
ed2d3d0d3e64452a99b3a08991c80ec9,000704.a4d642d274544c33a268bed8714a2977.1653,000704.r081215f26c0e4a60b2cb705f6c70c5d6
dc81581befe84775b4e112692444f67e,001252.ebbc0f686e0d436796832960d0ae64f6.2343,001252.r66ccbdbce0784e589afa9d49c48bcfb1
67e2fb43e3874be29b22ed882e2fe338,001233.1b483385aedd4a7e963f6e9bc8d4a6d8.0545,001233.r31c247d4938246d0817f29883266dc81
7298e83e29904f53b3fe8267e805a43d,000468.ac7a9f7f11324975b28026aa46efaffd.0656,000468.r5e2f3c96308a46d1bfd30b312c075000
37231da0f009419385f86dd923180be0,000793.64225e08f0834559982d1e57acda52ef.1501,000793.r3fb9d1a8d93543eeb5c868ee15300ff5
2ccc3ed1b77f4ea2865616c9eb402d9a,001812.51214c924685403ba50e52aea9e03152.1521,001812.r2626a39159c14bbb8157531fd841873b
268cba8e10904d5198c80e3e564238b0,000703.16508f03bec44d88b7f4068b05621947.1528,000703.r0d3db398bad84e2b889dc59b0b10790b
75f5962d83b54dbf8fcffd1e06010318,001204.cecc018b158c404a85c9ff6888138846.1700,001204.r2a7d54c053dc418d851d0db43d20f353
e9e59b0eeb664c5da944bd820b22b857,001014.ca25e965813c4d23aab4469bd17c717c.2037,001014.r73503c59826b4eaf8d01ed7ff6c85d53
2e533949f12747d1af42da8158234646,001116.dbe600d1c57f4f1f801570793e37436e.0523,001116.rb383228d1f284f2bbe6d4ffc279524f9
d9ef369447404c7c8d21a6e6708a54e5,000197.d3e6f6d2f2804d54b73f695fcb43ae98.0706,000197.r033dd94ba9c04f52a97fb2263d7415e9
e9698067fe294b28acce6362c6fc8c00,000521.a931c1abe89c4b1fb3e2279791f7c889.1329,000521.r536a6c9a631f4615b474c997642fb53e
7a1d530a775744059b3c81ecb19d2b50,000216.15fc7b8f55eb4e9299b695a466135c21.1822,000216.re1bc9e20d562435cb9bfd5243ef71096
3fc0e095f7de42dbb1d5359e800464a5,001270.efa4492557d34eb29fe364e8622afba2.1907,001270.r65ec294f07d844e0a80e89f993a1cd95
a8468760107c475eb30bfabb91d05829,000162.a6e61736d1cf43049685419639874161.2112,000162.r97383c3581bf4383b6638817bbdc59c4
52f2b3936e88480ca536e3b52edf3d0f,001261.ecc888fc6e124a72ba4fe3ce0d3ec72d.0914,001261.r7bb10e8de9b0407ebb028d664d233319
6feefbfe247647eebe9b385d0ff436bb,001630.9b28d6dd49644cadb411bd503699536b.1556,001630.rbacf03076417464cb4084ca377669695
19e05c345c8445469d0ce62c85007e6b,001045.a37e08a1c93042a6a2216d7b3b3bfb4c.0441,001045.rcf375ee86cb4407cbec917f2153d8e09
ac9b85ef1944408184d64c9b8d7d8476,000395.0275310cab4648f0a552fe62b7e943fd.0502,000395.r6c2c36a1ef5b4c438130621a41b33866
a2951d93ecca41c88012fe91605e7ad4,001294.ae65f214d8e044d69fbeddab692dffd3.1351,001294.rbfe99023b55d43a7b1805508e2287612
8c0fcf251a4b486ebacb3fa39820a3f5,000637.640bd0b795ad4aae82255a0be36d1478.1408,000637.r4c60444f0e114fec9ab9f453bd9bd544
a507087e666b430ca4ec029db5a06b39,001411.4bf81c7930d84c46ac9e4142fee42d39.1948,001411.rfc87757a588c43ac9d116809a5650b4d
41c371c68cf34198a72ea7f0061e5676,000684.3c6f159f5f514175b7c8d3cfcbeb92a4.2345,000684.rc7647b383434494088711e60cacb3f13
d7b5e8b99c054c77b0d3662deda85a17,000911.ac21afc36c2c4b2bb2b187107cdab70c.0720,000911.ree22a14074034f388e6dcc990ad1c010
c4f9f53f626d4740bea78acab9d96172,001959.c026d32410414dea8e6793158ab964f6.1112,001959.rccdda5a80df44d95a160c9d4fa58482b
4a8b7988d4c84de48b4b0c910505b137,000365.5f0a977fb987476aad63652da5711727.0555,000365.rd8e4c2c1cf7442b6834d7738d42a8a7d
6ff08a91293f4651bbe41e7db6e3913a,001391.341fcdb87564482c9c19cdfea444e729.1233,001391.rf6d7b4d3b4a6419b99dbaf9999371b7a
070b9125bb0244239d749158c33b2945,000892.e05242597a954d48a9b12bb62393680b.1858,000892.r82f4686f7549457c8e6260b0c4c0a01c
1f211ecdf71b4b68bd87698c0903f931,000872.8fe80ec7ed504aa1926d460a4800fd98.1949,000872.rc14b510a92ff48bfaf77df3cf23f9ac3
0a67a102e5944a778d109b9cd111f917,000309.62ed76256c5b4ee9ae8dc3a255684312.0419,000309.r44c3d6d9dd414410be52c74aaa2d72fe
b1222372682d498895e9e63e84e8547b,001335.36201162c6e84f81aa35ee5226654329.0738,001335.rcb0971b4ff8c4b4682a8766de505cf98
08fb1affe1f645869c2c4e5389e0ddec,000892.1ee0473457d144fea142891f5754ba52.0907,000892.r9a19a983541c4d6f94c99ffb84976ce3
f629109f80124865bb6b4ce6050a516d,000165.56792d8caee04e4589ef091da6e35443.1255,000165.rbb8f13a719b648f891267049b6451003
bbc0826fe3d24128a22d2838973fd882,001321.1c7be0e10c0e4b0aaaf66b1853394da7.1505,001321.r0afc83af3f9a46ee90813f962bee9776
dea8d8505a574287890d8bb3922ff928,000196.6cfcb3d00f764d92bd77a0f831f28595.2319,000196.r91ebd5d119d54b6094c3a367fb0a5b87
5ded550eee8c4d808b5fae33293379aa,001369.c3733e8e60e14023b5d11c95b1057ee3.1224,001369.r06523f4a075c44209149b6667298d9b4
2ba2fd33e1d5453aaff9d96f1f031254,000167.394d2d4dab87472aa6a8bfd6577043ff.1914,000167.rcc3cebc428204997b0877e1058ce6658
953b20b920df44aa92707e946abe3942,001583.afa363c46fdc43b7ac5db1cb043d1342.2336,001583.r4e3ed75dc990475295bd84188e0aad91
572a0d1eb1084fc3bd7dbf9cb7fd5242,"""NR1f9o7jEwczLTYFR4t58kZHEl72""",
9affb5eaa1094c1ebf0f7233618c9e10,"""VSo10tTEOAUuri5R8GFeRQussD52""",
002ebf6e39c640caba997f8a6ecb9fbf,"""001652.544e66211ff44b7fb18c1f5dffc7809e.1012""",
8dee456123f3486d8ed50da478a8e0c7,000898.509d5548e88345ac849cf2d68cc0eba3.1930,000898.r365fa4da1b6c4d5da9367f9b8805d37f
a6ac718e070b43a784a2df0097c632c6,001034.5d3062838d1942fb8a20e5f0e80934b4.0748,001034.rc7737f5f84d946cf89ff7396426a0c02
bdcaa40cfc084a08b7a387a16a8a8f63,000818.07af08b051274bb6a9ac39bb93b4e64b.1112,000818.r784900f56f0f4214897afbbaa0c0c271
629914721f944f60bafc08bd91d3c4f3,001375.d229359e281e4459abdf5cd87d3577b4.1441,001375.rde395ac0afb549f48fa12ac19e9d2e5b
01c3676718414f6faa72e608431da569,000802.c10a40b6469a4ea59b252c89e1958912.2209,000802.r3ed13961862d4b77a852b8c73028d90d
978bb878f174413384c8a9fb4cb3cbaf,000337.a258447976f3400ca78078a4fe3e4a50.0438,000337.ra78c1e20239a43259a418152f0f20b9d
37a8f4f2989e4a988db2e1b24e85b221,000628.ca011015c1114675bf1407e1e6040559.1321,000628.re77a271d67dc4f94816400b233f5ff9e
ce310a97c5194159a8094c986622e062,001795.3edc24e9ee28483faaf082a8a5ca5532.1450,001795.r207f82ecc1f24aa6bc44f520b048f79f
42f2e1652bf348819e32eb337435fe36,001741.32b4f07c580e423fa2f2dd0176a72d86.1615,001741.r7c5a18848be14000b84e46e1540d32ce
e77d74181c0b48989c6c6c708fead2d2,000490.84ac4d6652794f8bb6ef25e57a40ec8b.1913,000490.reef0a072851c4a5191f02bc96c50ed83
8219e16f06f5489dae1523ca5afc5f6f,000317.9b8e425a74484fe5a6621c9bbb58f58f.2114,000317.r960cb819dcc341ee9acb9aa08cfa754d
6809913432d84f7a9e7c8c72a9fff0f7,000447.c6088e654555469b8f63f4c1319a7010.2123,000447.recfd0c4715854725a0d6fe61994de059
d1b8097f9fea45ad93cfddfcf229dcb0,001718.36679b9e499d409ca301b4ae99dfbb36.0145,001718.r81bd56aba89d426eba0a63d58a17651e
d7046ce21bda4068b9ea9adc0dc03f15,001916.cfff16cda9ca4ed6a388938efac0ac61.0411,001916.r5d65327d370745839b34dc833da4de29
fba9667c4fbc42d784aa2693de98f309,000169.ab3376c9388446b4936506bc286889de.1044,000169.re3a465012eb4448d9d105b5362519aef
5b7bbb9d13d749af86534e4d5e5735bf,000086.35a49c9d30894c16b5dd1cc5402afb16.1229,000086.rbf1b633681934b5ea3bdf46458eaee24
9df223a9160b4b3c8194f9e186a8ed4c,001865.3c633066e3884a3bb513e780cf8550cf.1707,001865.rf96d9333710145cc83eea710706bc36c
82fdfc225a6643cfb1c48bbe37e544fe,000299.285d72d8c2a34beeaad32d1da7070227.1728,000299.r9e8dc4b956ae4e22b3b543a4f7451636
ac202fd7b9f2472bb805d239786c7c80,001760.b26bfbeb60184d2e8c13d9e4683cc0e5.1854,001760.r1a3c45eb48414c869bf2926c4f732e85
d5f8bc3994724f47b18ce7195c710222,001382.66da2e7faced4630837eb93a13ec5c1b.1959,001382.r65e78edeee0840c1be934c61deedfc44
1d23f3e12988454ba8356ae70bb260ea,001006.045e684d961b40e08560ea626a3ec429.2000_cancel,
1660a6806c9e43bcb6c8fc112dcda465,000439.8ab9f8e93d524bac9ae3f0f6705820d9.2048,000439.r0b75c1891d1641c9a7f05e6e2de5e17a
9c471c396ea94f2aad10424dc0614e67,001571.498b0da7c6e4415faa822372120e4116.2218,001571.r71020a6e48b54fbcb918323a15fa5df0
c7f032220a9942bcb55953af95e34ebf,000378.1015990a39b54603a638b51f645c00d2.0831,000378.rf2ed0b2f126e4262ab2e4fec637b8253
4c2ad2c679b34aa4a4febedef33cf62d,001364.9cd717869ab744fbab757f9a72a3e72d.0925,001364.r449e44abc068412099659982b64e7e6d
b75de3db3bb440fbab9e4e3101a16633,000638.3c1e35cb8bd04d688309a1028dc584b5.0206,000638.r69bd2bae90b540c7a4ffccb16f4564f8
e9c183bc975445018d0ee67e2d286705,000208.a9c0fe1049f04a75a17807532c0e8f71.1151,000208.rdc95cde97a9c4bc9bb47fd09bb84562f
ba3c6e156ddb4ee883d3d38c5a512428,001247.1b87400a9d0f412080392a6c5c325c41.1554,001247.r0b060ce800ec4a4a8f9207fa5e5e655e
890af87f5f384ac8bd0cef2e2017dffa,000242.4040a95e6fa44eff92f1ff9606f2ee02.1602,000242.r78eea6b1d66949f296389235824d2d8f
4e19ed37c29042c0a48536625474d3b6,001019.43081b5635654dd295e440ae42444046.1642,001019.rc8be544693cb43bd81ead62853f36667
8dc2b473887d4313afe4b247692dd5ae,000558.2667b88d0aaa4872bccf2c912e8e1f10.2001,000558.re888fc2f3d3a4806b72e1bcb09a9a9b3
7be97ffda25d496ba1eb59bc88f88714,001580.8ca1fd56ee0c4adf813593c5cd0c4aff.2029,001580.rcf0760a4a42c48798d00f2bc75441ca7
4a9c1a33f5e44f1c8ba2d1365b043656,000316.4e4df52d5a2e448ba2af1bd384c86f4b.0417,000316.rc401c19801c24e86b68a325ddc8d3b21
32bff448220048558541a0af26648905,001331.e140bd256cba45cfb9c05c2ca72a7ad7.0719,001331.rf63e676297de4d96ace598f98362b0a8
8d8d432aa20542a38590d0268561d5fc,001855.4307695194c14ac2972c75f595544a97.0727,001855.r5e48c5f0a99e44daa97a99c3003ccb18
1484287901ea4d16b87bbd769ff2d162,000734.67ab302345c24813b5eaa765cba07d38.0814,000734.r2da23d9b60f64c5a9fed647a7cff4a3c
c56aa9f1e1a54846ad176a8414f6d546,000247.6add23ae910249ea9ca34a0a6cc3ebe8.1121,000247.rdd7a081a7fd8454eb5d5b93c1ebfe5b6
b426418749fe4ea2aa87f4f6b047d6ac,000101.d4818146ab1142e28fbac97d76efdb3b.1019,000101.r54de37843f1846a09ed929609377703a
dabd976543af485a863df4be520fa945,001255.a1228e954090420a8a32cbbaf9ea6246.1350,001255.r8e6bf025e0c3430b9ed885d542930dd4
6148d9829598428eb973300d09d288bc,000212.49ea29e786914c8fa12ecdc732229e42.1540,000212.r9f60f9bbe6ce46eba7c9c68679fd216e
b13952064eae4db29881ed4166ae39f8,000037.4844a41ca67e4e7a99587c5fed0bfebf.1722,000037.r9b948d07443d420abde742d5a128b2e5
dac39ca6d76d455283118109684f5f26,001359.ad43e55bcb1645fd8d8da284acb6426c.2117,001359.r47cd6258414b4e1590fd850e6edc96f3
06b271205d854eae93fdeb9152c6f91f,001843.a82efc1a9c964bd09343130ef38866f8.0954,001843.rad87cfba396244deb7a8f31a8cab9580
f190ef9111dc4852893f228136a592c5,000177.42e94a2c7a684fe0932d391ef932e218.1120,000177.rab567bfc806d4d6e93069139e1ec48f4
8b6a1ada2d744e1f9f7c07a1ce3df1dc,000552.04a5a48962974eaba3e468103b28410b.1404,000552.r639a885c4ed8467aaff080cefb24d9bd
e95d8afb9ea34c5984ef38209478512b,001453.e3800cabac8541e98bd07d64aebea096.1423,001453.r2cd2f9db21f64a4f9fdbd3f7bd423099
9edee9c326e74648be7792f57c7ce36e,000487.6737bc31f28a4fa1a79061ba3a0267de.0916,000487.rd6093ce96df446ee90a874bc284f115e
6e003f8c61914316b5edf6bb15d69b0e,001327.5e3311b982dd4d7281128262a197abd7.1044,001327.ra6783ed4381a46e9946660ced3fe97bb
c95816ae2bea4018afd69f8f6ff72135,001341.7d87a41e596a48388b95ed465eaa78d9.0205,001341.rfeec915a288644b78800941e95bb7552
a5b849bec59b4554896bb6b8619674e1,000656.c5e64f42b4f749479bda49b7f4cdc929.1016,000656.r675f82d3ad104ae9851ee34d9e8e46d0
bf7bf63912604056b16ebff52055dcdb,001546.776b9541e22745fbb9ef476567396ef4.1609,001546.rc8b53771df6344acbc9a6e7d6770a2c9
45e70a1e68e64beaa94bad6f2488d2b9,001717.608dc5bced6c43d0874825c5685ecf6d.1635,001717.r56c3ca3c5a2b41a784d98fbfebd22009
e1f0542ea9dd4f648a347a817ff3a819,001462.f6cbddaafa1c4db793c348b4743e70bf.2013,001462.r0ddb56b6ad964e48ad763cec56cd898d
1626d897c1d5430494d42a036d0ec4a1,000394.769478cd56be4021a16e5d6bcb0c89b3.1946,000394.rade73c0a3b9845fb9a386e56b9648be0
bd8861c5d3db4fb7a7f8a991b71ae86d,000794.dde423fd6be94069809248e504aa0915.0741,000794.r2c29f99cb95948cea5f8d7c7bc154c6e
90b2b343b5584e7bba08c2a4c62f5ec6,001512.2597019ecad74e129060e3a66eb36b79.2041,001512.r37bdc416c3f144238423a748665bdc06
86572382067d44ee911a84f8db442929,002019.cfff2ad596cf41efbaec71672bad11cf.0030,002019.r0af65d8c70154bf98441d931bf78461a
746cef81b7af4258b48c8fba54f12266,001120.ae5ab354dd0846479fd86b430fe8d6c4.0202,001120.r511c7713489244fc985a8b9df907c11e
c1940824995a452c9066fe72a6c1d76a,001154.c4bde4ecc30b44a4a686a4c99033fb56.0550,001154.r250c913e6b09456db027cec01c02eece
efb91d6495e8445795cd4651270fd851,000643.da444326332b42b594c905faf447ab0a.0610,000643.re3eecf0635264ed9b0c5ddee86222676
eb2585e6159b43eb8c099003a56cae8d,001192.3b9bbda1065b476885f805b8216bfdfc.0814,001192.r77fef757885442bcae5dded87555566c
43003b5231d5486894a68c3eface447a,000653.a4f4d1f69c9341549728526d4dd0e594.1358,000653.r7cfed40deb5f47a6acb344ef4a3013f4
7ed6d156aadb4ab699375372b62ec21f,000320.a65a3624a4594499b12f955311b82df2.1853,000320.rccc55e5560c743bc9d7ce2e6384aa276
a22a38e1b71a413297d46a90156e4389,000608.cd6888ee0bb34558b1f94d944832dcb7.2309,000608.r61c568f6172641f88898e6974c4f7c16
4e339ec0bc3748c48ab4d66c62db4369,000557.bf8fdf09e07741bba627fd9e0a4fc3ce.0721,000557.r870cee22df4c41d2a69f851af9a29cd6
6ef5f06e96f045409ef3816fb3ec60ce,000519.e67a58d6523c4c42a15ff594e7965ef2.0832,000519.rd9fa44fba74748bea66aeeb1ab518546
822603aa85ad4bef9f370713e495f8cb,000696.f207a38f0c064d52933341373c1e7ed1.1325,000696.r4be60b698f3c42a8bc6a46d2c1432221
6e4f62e757104dbf8201b787c8f3ca6c,001962.f1c3200168cf43a28dfb103c0dc181b3.1914,001962.rfa4692b3986a42238e77009ded32068e
984323e9f215418ab76867299c756ea8,001868.cb5cd976deca4506a1407aab3cfcffcc.2112,001868.r89a19f521152414fb25f1ecf3ce48113
40cfe3eb36f74b189325b607d1b4c12e,001132.4d56ee8eaa3d4709921b9fe474ffd820.0200,001132.r288387f569f94335bb071471dc8abdc9
0188f994ab3b47ab9b9e144568401627,001719.da2f341b55ba4017ba7b1e75c93ac73b.0525,001719.r0f34958bc0a24f03910c778ee208a4b8
6736137999344389aa6d8cacef5f7579,000346.31d1ce620ae743849c2f9d29a56e71eb.0805,000346.re7b86877f8ea414e816037795b6dc7bb
5c0dd39ce15f4a03819a77d2b280bf21,000250.b362d4fda693418ea131d6ce47b780bf.0811,000250.r12353a5ce6fb450c9fe6134da9b677ee
b05edf5965c444b28debb3ccda6e45e0,001075.65f2b02d85c0492a966c289d08cc93e2.0914,001075.rc96292fb8bf74d4cbc5053abe01702fa
4f93c911fb3444cfa058f8c4d4fe75d2,001613.9a6c667029af417090f41fbf5e8f4e26.1036,001613.r584ae8195b4e4ee2990b1ab27f9d8934
2511a7d4ea7244baa6dd19854a1c6e99,001894.e303622efe68458e83cf6e18d05d9ae6.1607,001894.r970b5e39c0414d40aad3e510e23a507e
ff1194fb69be4958b54e577496f90e78,000552.a55fee4cd2be41ddb8ba694dc0714de4.1911,000552.r326fc6a061b74db2b7798193ee82ae24
f66783aaac544baea3c78793497f0e2b,000885.893c09c1936d4dfc9ca8f8f55ecb02b8.2209,000885.rdce163da77d54f5cb03bfead37f38f2b
eaa6cdd7c00e4ef2ad8f3be6d9ae1607,000409.a141ae9373a4495a8a08f53491437fb4.0905,000409.rb34d400a28a243c0989e41acbbfde865
d0b83a6e70c34efa932b64706022b312,000165.1ca23d454b8341308ac82e84496a7d67.1520,000165.r37163540cba047d3851b949088c14fdd
c10690f3fc4448188c283d0a871492e7,001519.c228f80fedfe4b54aedb7fb241d0b4e9.1606,001519.r083fafc6fcb743aca3f1b277ca38978e
ef9a8fea787f4479bc6c223f5307553a,001153.0c8dcfedb1cf4489a960cfeca40c4c9a.1624,001153.re2f49621c1d445e195ee5286841ea393
ed4449d21138431a8a5357f7e928ad70,000216.dc42a3f316884b76807b503cc8df0a4a.2340,000216.r75cba5adefbe44fd9c728d751a155bc3
98b2c77e92a84d45a36a0a98085075f8,001094.d185554e26ad4c398e6b147af82798a0.2352,001094.rcfa594554f3045738d4e2b6117b9e5bc
bba0b2e18bb84803a603a3eb1e614ba6,001164.a2791a3bd8e148a696c3a2798fc073da.0925,001164.r8ed850ce29d14df0a59ca169a6fe80ac
b6567b31f9904c9e9f4c2f80f7924407,000288.0bc1ec6ed70f45e08662d33d999647c7.1127,000288.r6be0b24e17ab4a42b2da189ef1e2680b
b2bf476106594bccbe2a0031a74d9e01,000076.cdfb690e810d4bb88025414496cd4dee.1232,000076.r45c2e0c44dee4592be9086cb74d00888
94db8117547e4adbb2d88510234ca704,000186.7ece7fe320db45acacfadff178f9dba2.1313,000186.r11a056f3de7f49c88f3e1aa876a1116a
9f0b7d117b894113939e9afd48818757,001673.b23d068cb85f444d9f58035a68e356cb.1518,001673.r24da2a25cc06447482af2d191d530052
ae20dde46b9149cfbc777efdef23b144,001566.f5dea9e5fb7f4aa1a846de04384e0166.1558,001566.ra091b3de452043d6be04a0bd7dc192a7
e342a207f4cb48a59fa8e4e069f0c280,000866.5d5846bae8a0487dae1dd658a2d92ad9.1841,000866.r189bacfc67084b4cb11657935f89b90b
82c2584536bb477292eda42fac937c15,001794.b9acdb5085fb458bacf5608047e8ef01.0822,001794.rb685693a519f4108a3f1846ce7ecc79a
038c3a2e6b8e40e4ac164ddf27caac0e,001384.be24172343904d978374da5adaf92b3d.1115,001384.raace5ba9e5654fe1a02def889ba3f3c4
bbfe683d3dd148889c35edbc08ef19e7,000313.be5d4c914d7a43a2a1a64c4ea8423a09.1733,000313.r535efd37b55d48f2abaaf924076739a7
f4221f37998443b186214ca541446f8e,001687.75dfd1614d6349b4987c0fd2f14d039c.2033,001687.re889439918064480bba4a8945a089ff4
0dfc64d902f64dd890eafdb2e9e8ad05,000842.dea4df2e80de42e886031f58dc675eeb.2041,000842.r3ea99c4c967a46e58f1a0cb16f15c457
f927b798734a4cb784e169f02c02a47f,000440.3b7879454c384c10a381dc3152cbb82d.2137,000440.r186a525a141a49b5af97eb4e8ea5af60
e1c4264a06d5464e98ebb731312d2087,001491.20968ecd619741959db66ca80cea6b0e.2249,001491.r9cc9fa8d221c4d8b8ee9fdc1bd11dc5c
2f83f0225f1442d38f02ce067ad70a43,000529.06cc8d9db44d4b8fb19e9f98630df8b9.0024,000529.r3eb5c532bfdb4d7eadfe5dc7319c81a2
63fc5d64f498430a82ef185c78c4478c,001334.add6f34dd10b4a7fb3f448cf893adc11.0611,001334.r3000cfa55eee45079946ab8de1c0a750
2c6ac54d059b4979b934f1849968410b,001789.149e35ed87024179a00bbb7212c6803a.1103,001789.rac2ad7dcc458487ab3c01947033d1983
ae9b496815474f3f933d96eace76c13d,000450.ead02e060bba48b08978e371691ee56f.1114,000450.r832632add73947a68d9f821b6cf9c2c5
1612e3f2074b4253b7532d7190293a23,001878.94ed18dafcff460c87d965d505553fd7.1317,001878.r24daafb617ec410d8e3c4a68dbd598c5
0eb2fabc8f394c638cba38ffd8e064a0,000918.068b048efd9943f4aee61d1d88726b0a.1715,000918.rbb6494c6b5f1499a8071f4f70aaf9010
159d5552079140e4b1f4cca2087c365d,001601.01dc18b9151644edbeb241c578b27245.1724,001601.r88e25328ca0d4ebf96e0f13c95ab7db1
54cabd66d9ba456f9a83ea1a8fcfc348,001922.e8b26edc39ce4e1a9d6e31890dcdd1b8.2314,001922.r4bf472f141224da8b147ac7fbc581581
1f196946b06544e4bb21fb41243a007c,000366.5241e62029fe4fa5a472d92d8525fcfd.0135,000366.rc099f0614e9649dea522ea24f00af96b
496d088f302e480fabf89429eddb2d22,000888.78526f5d910a456588199a923c306a22.0512,000888.r6911a6f9f03546b2827f1b8e0594f68b
cabd90009d3a460c86926a4ebab3e214,000388.29ba29c9e3b94180a976d9581751852e.0926,000388.r14f34b990784466b916fa68cb3a30e3e
f4ee77f6d2804e79b451e3553e9242b5,001720.a7c0491be86245c3886066cf4a0b4bae.1303,001720.r199d1e4fd6af4614b82f2088a1a2c2e2
72385ddcd17a453c9b0d6b52f1b0ed3a,000501.d30d2322377447ad8fe443992658dd54.1605,000501.re9fc7edf4c384803aeddf868c11cd808
ed49bf4ec9784e1ca0fdb71e184d44c4,000668.7e411003d7ea40a88032c8b264de216d.1813,000668.r322641dc83f44aac876f7071b6c49fef
f082cfe52a3f4cd587f19a6ba644ebd6,000989.00231a02be4246f1a3b0ea7b59b90fe5.2136,000989.rcea200377dfc46c3ae741e7652605474
4419e67bbccf4105a099a21c870cdf3f,000413.cd730cc486e54bbe943ad53bdfd537fd.0018,000413.rd57842dd8fa54570b33cf4f3f694bb6d
a04a59107a674378874512310e1db156,000967.59fc980586b54ada9e24ef2f1135a559.1252,000967.r69e37f3b0008496c8226c9b1b5aab550
5982911a3c7344c4915dff2e68d9a3c8,000392.b576f29d4f844b62b125823ab85a86e6.1625,000392.r8ddbfdd10c944001ae9af1b92da8cfd3
27f2ed8751ff41099df5ae4c7b8d3d8a,001596.140a26a636f4487e9170872b85c8086d.1909,001596.rbf5397999ec34af9aa2ffde61382cf3b
043eda8416244fc78a80540f4c047d18,000554.bb59bc1fac6b48b086bd04089932e396.1920,000554.r79aed877220c47b8b68622714ff0f3dc
1d8d6eae94074455a3bb7ea5560bd09f,001103.5670397da40f441893f45c2e20fabb22.2011,001103.rca9a04de610e4f8d820e42a18a4503ca
b3644af5183646dbb809dabbe59ab6fd,000320.78570ae2817646098372806338f17b62.2149,000320.r0a1b3042169249a5aac270c571d7db7c
a6a9c1c6a9284d7f919d131ffa971a73,001550.ca56fc71d6374f46883f2e34ba3b281c.0025,001550.r9bb2c030ea7d410988375cf5b5269811
b0020d328d26486d961e76bb0f39d325,001910.5d76aeba7ae04f4c89c39b460411ff45.0901,001910.r66da5c3c118749d48dc240e47801cb15
6d0140155f8f4ddb944c4c78e653984e,000268.3277df7e3c2241f0a7f2f4a63c87c532.0956,000268.r95ec1aaa10fe48ad944bff8c49abb2e8
469355799ddc41ef8d6f51aefee9885a,000131.12de70ca13764b9eaac9cff0b7e5f18e.1018,000131.re8e89988a66c4a3ca7791fd257bc1921
712bceb783404ded90047e09441066b0,000643.31c7c2062fa94ef5a0929de9074fbdcf.0001,000643.rc0b40a76090643138bec47ab876fac74
17bcdb35fea44fdca685020b5384e6f4,001134.6e7afd1606df439e9c5ac714714e1603.0713,001134.r116690bbf0224f0b8794d2add6cc6a66
ea3e5722b7e3490cbd0e8ef249d3f703,001467.5af4d044294f44dda33c365086bb93ea.0738,001467.r3d159233d7614352b06faa9a89a41622
1b026f63da164f34b16dc59a2b983826,001416.bf197721ec2d4e6e8f98bbe16e7c0c3a.0741,001416.rcf62d0a0dcb54844a0cd2590ca60aed1
df9e978cf338450896c85bcb57278cfa,000595.3b7cfac1a6a74d9dabdf3d29c984d195.1041,000595.rf9e0dcb0b629493ca2df06be89addbf5
75f6bcda77064014a2808bdf1f6448d4,001814.727af315eb8c466eab95c37fefcaede5.1047,001814.r3e822f1abe774d429d26a7b97f9bc842
8032d86192094d52be54e1e746cea136,001682.adda5f358ab34216b735bf0110abb35d.1053,001682.rfb00e0547c494750b3b95333dd831736
8d8e8382baf640afbc5c74ddac94522c,001998.d07bbeedde3a4efc9902395a7d254bea.1221,001998.r0da3e2be2cab489380ba8e78192efd16
d6e69c9b28df421d96ddddeb8417d113,000776.94903b0f61ee41c08cfbed9a99e779b3.1846,000776.r4385b8f412ba41e0bf22e487e732abf1
2fb5dfa227a5432abecf0fea4a6fc0e1,000533.6dabe5b004a34ccf899531bce1d2999d.1929,000533.rf46a6d36ce6042768d8fe2375dce7b84
72730d5703f94ed7a76824cae389aec1,000696.fbf9fd4990de4d5c859b15012e5b2abe.2200,000696.rf15678362a8e49f2986a31812a2a4fb0
049bcf97bf1a48f8bb98040cc9496e18,000722.4b90a43ac50a483ab878077d1cec370d.2204,000722.rf35616f644e7496b9fb335f616e52077
39471cfe2b8e4d4887f4347177c370ad,001558.42fb247b4111438cbe524efd458693a9.0205,001558.rca4f0db051604be69593c0b609225335
57f28ad1d46e4fe6b4e144c82e5dd90c,000613.065453b041584a23a335065983d59597.0541,000613.r23e7683659e14d10b9e3f620fbf2a2a1
40b1d2473baa4fc88b039cef2b9923e5,001882.994bd2623a244f30aa7c1a17175441cb.1037,001882.r0f7857e01dee400ba5afae79fc7e6a71
2b4d2027ac824048b3668c7be7094c60,000683.5cdd410582094485a640865267ca362c.1148,000683.r4fe05311bdc543f4a75e3f3cf6669dd4
776478682cfd4837890cf042fb0653ed,001614.3c6e7e89be29429eb44f06d937cd664b.1907,001614.rf26658d8c1364e81b1f51b6b49166605
9cb016298db1461fbfe72ff4e77eb6d1,001551.ac008d585a914d10a10b153d25128650.0028,001551.rffc15d1fcc82420cb70288da01dc6a53
505711a838c0467f97079ea4b46d676d,000933.0f2c99b92a434b85a5195862de44b889.1117,000933.r31690a46bf1b422ab3c7cd3b456252bc
5314ea95493b472c879b06ccf131fcf3,001766.5bfc596d943f41b1a1a53da14f854e7e.2311,001766.r16cd6efad4894154b3b0d95cbf737d9b
76d0200147a74aa8a18fb5cb784fd457,000640.beffa2cc78d149129040c34dc745a883.0123,000640.rbabbb0021ecd404795e8f605a2afea8e
60adb29ba71b44e784d06dcfef889288,000035.5f0e6f2b96944eeb9151722756d6ed3c.0513,000035.r5a803a8b431842e2878ae3796a673b80
f7921755f80a48199edbc4863813488d,000849.cee66d8fde7142589a0e3358e8e4fbb2.1229,000849.r95648959be324c209e6cabb7eb5e8e50
dfbd3825121b47208067febff36f182f,001912.8c549bdd313646a2b7e5c48820428586.1240,001912.r158611564f2743da8433a89a8f975f93
d34a38278d4046768b2be0da5e9535a4,000066.23f697bfe1d14866a319bcd20fdaa3ca.1408,000066.r8c3a58be6e714b708c418c26f30298e3
b1f5d3b151a846fe83db827a130ade35,001615.b955421e65424bceac1af9e02d34626c.1925,001615.r2afaf7a8f0534cb48964f61df500ef42
97038e993baf4e3fb8a0827513aa4a4d,001369.1e57e897575240e290691fefb178f95b.2038,001369.r5318e883bd9849be8f26ba7a875e0987
848a418ce4b94027aa000c279057bfb5,002002.d9ec92e592ef411eafbfc3903a214259.0425,002002.r4b0dbf4f43794a99a72a767502a5450a
33da0409bc7c4f20b2b2b3c77a4f2d21,001418.b858cd3327114439bc9ad311c3ae006d.0657,001418.r355355c4acc74c968005e1a038d3ab50
89154a8c7c1c482e9bfe015743397e71,001465.88ddf2742123435590ab6f6f33d3fd8c.0740,001465.r1469fe54c98d401fb13832476fb15661
440310a97a7f4d0682a1100e8c1b9dd8,000548.3918823731104090a31898bd184dfb23.0926,000548.r39566f2891cd4c7baae868d2434c25e8
c3c0304a9d844153b9724ca5c4e4db23,001143.b45efff210674f36a114d5a910a72e73.0947,001143.rdc53a4a6c8294aec846a99799dc74d93
f2c84d37ab9449399aad716ab77fd900,001123.66f5fb4e85c4490182ce768f1a84d3c4.1535,001123.r79c21753056e4ec5804306408d975f7d
81101cf3e3224e64bea2d516b14a382a,000760.c3a0dfec73a24b9d9c471877fa397710.2109,000760.rc4777ef30c3640aea56a63045f44abbe
9241b387fb7d4bba821210d2d5171434,001419.c84a684c9cae4200b39574f9ef58e394.2126,001419.r65e88bd81c8a43f7a19572017a0392d8
fbff1c01c3904540b460fa10b78823c9,001721.02268102950c49dbb1dd249c26f6351b.0652,001721.r1b6d4e1756894b35a801115a3d758244
9f15ec39d228459ba07e17121827da90,000329.1305087f6ae84ac18297b45a5b55b334.0836,000329.r098320bb24cc46c3962ead1e5b76a5d8
60b51cd3603a41279c7dc32c5dcf5e4e,000459.ea4a1cab1cf14221a3c7be52f0e0a16c.0938,000459.rf7f6db2ab80f4eb4afff4ee3e68380d6
4ca779889d7a49e09e4c7445528c9db6,001332.44fc587b77e74a00b54e421d1bba7ca0.1326,001332.r537e136ccf4f41a9a32691710fcdcfae
a30dcf48807a4709b27c1fd4b700481c,000248.6b5d237f4cf0494b88b568c955b7f7f1.1513,000248.rb3056f04e7c645518ec17ab203de2936
17e3513c278448c39ad6dfa41aa5646f,001048.86fbafdf04254ddab283a47e32b371ff.1921,001048.r3082515590a04801aef614c3c9f4a080
0f458bef75da496b9afc918c6bd40071,001017.956afd0e42ef4265ac9c5583a7e9006f.2207,001017.r30e23592ece24fc3bd8ee6e0bf286013
3ef08fda6c6642148b60a34d9294e7b8,000455.2aee21a615fb4dfc8cefd0719d82909a.1014,000455.re3a6394abec24d67aebde8983f3e4408
8ad1cc1a9bff46b685917d1086ff31fd,000670.b92dce88c47940ffa6a1e57981226fd2.2336,000670.r5b5c31f14b7e40b4aad566af029037b2
8cc1465880654394bbebf1cef9a6f7fd,000800.1271d3ebf3e24f75a2d047aa56966bc3.0103,000800.r14b294f6db3547d9a3d4ab21b9663ec3
909bf0e25a114d03b3d7f1d6389362d5,000851.dacbfa271865460bacb988bcb11899c7.0222,000851.r21444c3ce6524a449bb0f7ad1d295d4f
767297fb963b4f868ee0c31c90c268f3,000891.d91b403b1b4d4a788861ab6d9a7ccb9c.0531,000891.rf3d870bd1e9d40189d11933c785dfd62
35835d5b132d48aaa7f8c217d4f39c74,001188.c1708b5a0ed24c8199b2190a89de159b.0745,001188.r6ec1b223b4104ae3bf5c474cdcaec2f0
8bcec6b3972f43c19f088009e0035abf,002026.dc30541644284257bd850e1a05630663.1349,002026.r7fff75c5dd574879a090069e3446dcf1
7a6fc41821de4449875672797d833708,000270.b963935da0854412b57dd956201da706.2303,000270.ra892ec7f6cf645eebbcb64e12e7bd2d2
8e0357a8b08143f7b0f0ccbb59ac3665,001104.9750750e743e4f5a90d656a436e6817d.1250,001104.r443e7c2af7244885b25036963e557f80
6d24cb772aea470099be0526c037aceb,000282.a2bc792bbe864557bf21dda4205615a1.0146,000282.r99869a94269b435db91167f426806b79
2c088c0386564ec481e689cf6763a87b,000959.da72523d4c7640d4aaf891de85ac72e2.1851,000959.r2b700b1322234b439847401516b0a4eb
fdef5b94b2644a6dae0693595e01937c,001887.93e7d45fec6b416e95158e4d12bfa0a0.2223,001887.r06abec23d81a437db09179d5d2bf4462
e150cdb3c72549518bea3ec4a0ee0943,000113.f4e7947d6f7d40659654f99266cd5e3a.0837,000113.r17cfc2a7eccb4963ab22df202e38d485
3cb9bdd72e6b4133b263d8d520dda376,001010.52600fab98a647fb9b365a83a9a61702.1427,001010.r78e6dd85be804018b7559194ec34026b
00e8c46aee5d4802a6bd07fc1c2622bf,001082.55f15bf0250347c8b737c931fe0a61aa.1511,001082.rbd108bddc9d14e5eb1e7c067f03b0b54
2b165301906a4b3abb3c28552bb3b3f8,001695.a76de14c03404a01a41ef80df6bddb41.2203,001695.rf08f65d7d35240edb9b234e3f696dae5
1af997b223114706bc59ec0a90785a87,000722.c1f56e23f4804f838ec68f98b029c89b.0405,000722.r04f9c857afcf42cea45cb899461a8d96
74df109d67f044e18f0246ac02736db2,000754.d253efca4f3245cba5d09894a16d7b4b.1059,000754.r4c938bf55a154365816cac4088bc09ba
8d91ed00c3e04584a7cf1e844f3e3400,001772.e4b3e0d1d6a24517aff920636fb90918.1119,001772.r824b2ede52a741fea5ba71158a1ef7ca
93aef53f691a4cd0ac7efaac95aa2b87,000366.f439cc13ed1e4328b197ae1dc23faf17.1142,000366.r69f5b1ef988e414f9449bd0e44fd9d98
c7bef700dbbe4c66aeabcc59eacf12e4,001626.71bd806ac36349d99888bb4dc1ca8494.1513,001626.r2a11630a6ab747deafe0e1db31351f08
0f5af4f8a9ec453cb2a6609af8f54929,001283.84068ced9dd84cb3947eeb236b450166.1703,001283.r573cf4fb370043978c635b45b3791d98
cb74aae229434226ad27a84ee96e32f8,001171.c03612254d5e4b91ad937ea4957d4fb7.1821,001171.rb8318781d5a34830b96f86251e3dcb8f
798d93e6a7db45a2bbfd9cb69da9689b,000485.5291a58e1cbe4793b3726228ee3656ea.1633,000485.r5d6edd70c15843c289802dec0c02824d
b48345b85a7e4c93b9cc6369bf36d9d4,000829.fb9d39540c914b0d8f2afc4b752507dc.2256,000829.r41cfe71f959c43c184d811393d08d064
b41def56aa7947fbb4ac79cc06668664,000495.cd1668c1f956446584e01cda0ae34428.0001,000495.rc73ecd9d4b1c4b51a52aa8ede2eff2e6
581f18d27e99454cb0ed2ee07eaf5493,001997.021c83c1559c40239cf8c4f5adf002f0.0143,001997.r3dfad7cb62bb4a319ec9fb03a3b9ebd9
314a8b7aef68419a99e64123f7e7be9a,000985.45bed98e7e414463bba5f7053906ebb6.0836,000985.rf89174d245b140f8bce7fb2fae5ba0eb
191661ea44db4abc9b1026c3641ffffc,001407.2eb78fee65bd475eb82022170dbea280.1639,001407.r3ab7dc48547b4099b88352bac33205c8
e9997f4dc9894fac8ebfe24839fd8024,000852.ce070eea4dac4f51983f8fea2a0e326a.2026,000852.rc5b2b1c5039648adbbb4786c86b3ec41
20ddec301e2c4ec78bfe3819e3f2fb9e,000491.35851610c6e64a238451ccae5cc8cfca.2339,000491.r8225999e75434288abe5ba4042cba1c9
8d86c0a4b8e7448fbdc585035a7a9675,000625.4a71e106b16e4d86a272b874386693cd.0510,000625.rffee991cda9e4f86a8a32f8b78bf4024
2189b60537d0438884a2b6b8fa7e946f,001502.db20f1debe6c41688bc274433721da41.0833,001502.r954912f432b548dd82c45ecde745e7e0
afbc4715dc9f406bbf276871e36ffb22,000307.fc12aee82aa74b2893e899a99463ac76.0949,000307.rffafe8f54de444e2877db08943ca217b
9f978289e9ee47bc88a77210f3da590b,001771.83ba3d38a9254f0887926268cda95ee2.1223,001771.r3c150b420a64490b8ad2b5c77ced656e
7f8ecedfe9e645c98855d28245c95d9d,001042.97b0068666d6471892591ef1ba151815.1420,001042.rab6f7aea0e8c4341ad4cffdcdfadb2e2
5937a8bc94254f24bab2580be4c30121,000541.d24d895d62db4793967c7249984c6fef.1611,000541.r7d735bf6978842f7b626ac13bb767734
9e770bfa7da044be918772eb26e3db47,000414.c2466458700e46179cb80443fcb337ad.1742,000414.rdf697793ae484dde84347e0fcddb5e5c
edfdecdf0213465b9cf12a48a88e9959,000313.95e3398b667a413da6eab6e7cf192437.0718,000313.r12b2e5720e2b4e6baf03ba28c1537cdd
4afc6337cd03402e92daabdeb63a13fd,000551.c40d0332abff4d77a70a28f7958b51a8.0851,000551.r7d54c049156b46a9b437d74b4e57e765
b93ac45b38f34e11bfc7191a6e72c412,000119.264bf31fe25e47c883555d9bc0c2589c.1158,000119.rc048109657fc4f6e9997e15230424b95
2b0abb542bb34ce8aa475d6cdab67be2,001838.5c2c3ee659764106b78cd2939fbe3e92.1951,001838.r03695145d0c74d43a40dc39e4b35ef1b
0fccd83639074af595f1747e0dbea684,000065.8b0779827398467a9f4d87995d4337a2.2312,000065.r4aead77e27ad47b8be305e28a4ea8ffe
c68d3a98a38f4a28a781f08c0da73d18,000394.15f8df88c33a43c2b09d39de7344929b.0543,000394.r816682b1e3644b30b6c08e1147c0d8ef
a2f9a72818b348bf83366710ea975637,001858.989b108cf06241889204137544c16332.0647,001858.r9d744cd348f24e028fd8ee38b95c9bd3
fc200b954e4841bea47b0370521e8c96,001429.2f7429fc1eed48a0878c152ecfa7b62b.1356,001429.rd3a328ad9c7d423ab2920d116f1ffa76
9285e82a97e94264bfbab585f6b50d3b,001313.ed75b3c2954e40d28ca446d5caa1017a.2225,001313.rc876b2a140824d45b10f98a4c3c5677a
da59d66b130547e3ad2897c99a620c07,001012.d07d240c8b134a30b969ced4dd6ced8b.2237,001012.rc5f74309bf1c45e088c2ca753be35b43
01c2c65adda142f5aa21d764e69e740e,000297.91e70b6e78fa46dea20eba5daa447759.0248,000297.rac34666ca54044ffaf1a4ff67f2f39d0
f58ff97593f84f19aa77296adee3ef9a,000734.1bdf65d36d954004ad4657eaa3c056cb.0320,000734.rc1768f1e967f4fb1a7ccb86c77742214
48ac871d6ebb4b5eb476e75fd963c615,001666.0030a2f88baf401c8fc5e5079b65d46c.1153,001666.rf80d124fd1744abe906e8b4b26cda312
e0209404019b4c93ad95fb89cddb7d8c,000686.39ef7989e23f4d6bbf954e96bebdb9a5.1441,000686.r5e85784d7d0d44b6a8a8adcb141cb864
3a171727fefb475c9e17276cc0fd4bf9,001843.805059b0984d46fab632d402a2d3a8bb.1556,001843.r3ebd4cd0980e4436867b8dffd7ce31ce
a91e72fbe329427788b8eff4e3e7c5d2,001323.ce2c482d5917476083552aba44182d6b.1713,001323.ra3d09950a8594225900fb2f370a52b47
213b81e33738491fb4ddbe47836b281f,000439.fb51c3ccd826402e80ff0f7c75e5986d.1723,000439.r5cefabfa4ea947578a8f2d08b2825b36
1d2266721e89485b8a0272160e79015e,001917.abd6f8f0bad449898509b1aa6ffb6684.2037,001917.rb381033ac3b14b02a5b3298382ff8c81
4e6586f4aa094319af3fbcaf3464ef04,000106.4c8671a89fa243d39d04c16166d184d1.0722,000106.rd6f1272f26fd41d2879af800ed0e1b61
7028b56cd04b4ab8b56b7dddcae639a2,001909.48e5cab944fd4c5790a1ac66ff52e5c9.0827,001909.re8f6105bca044ce58f468a6264e7cc4a
0bc60a595fd7446b837889dd2f13b595,000956.7ab2e00699d94d3dba24061fdd3dce0e.2120,000956.r0ed12c577a9f4d6faf17854c76111947
595e01f37f4c40e884d38fc31101fa71,000473.f7d24e59dd024524a6c8bc255e94e621.0214,000473.r6a7e57d5c4f84ee8b77c18d6aa272c4b
9b97697f13d54c74aa45761c19bbf682,000298.fd914e5910914c8ea3f580782d672e00.1414,000298.r3191548b023d45b9869acfbd1b099d60
cdc3df017896477cb9c6c49c8119fe93,000427.ad3c24818192470aa5a61691fb867887.1717,000427.r7735c76ed0054a5b998ee34372443f31
adf3249f55fe483e898f15e9874d0bb0,001514.117a1401b41e4819a2bc0139e0e290d6.2039_cancel,
adc3773ec8dc423599e8037ab6bc73d6,000257.819b031faeea4d028cd0dea2b5df11f7.0820,000257.r276594a9879948b68b7a34a685f0dc05
bc0b394431a04c8c84af2ef3510cf72f,001190.55e27cdb48174c8c8e966040b9a7f287.0206,001190.rb394e7d603f440cab676129152902bb7
1f4e17082c124adab454df27d7cdd6ed,000140.033deb098e06417eaddeeeb71a2dfba8.0600,000140.r9e67fddc1c194b8cbcc9430cce705a47
18d142ced8b64219ac1286a2ac355c8d,000883.b2ff8b68dda841f7a179474b569c3d48.1347,000883.r73aeea5260d54e9a82ea81b3663b8efa
3eccacb08e604bfcb4b5558a873d3731,001398.8d7c5e44af8048b2bcd73b75c3b0f05f.1402,001398.rd9ea7e7f525c47f6afa41f884602d819
9cb917108f82482aa115ea11229c76cc,002011.8a559cd32f5446168b1788e4581f2063.1507,002011.r7bd35f8a41ba4bcfbb68ca383002eeef
b4b6896b2c7944d08725f62e8cc27e58,000932.0182dc70da6e4d4db557219b9d485426.2356,000932.rb4b8cf149300427fa326da9986855f7b
0be7a85417c44ed89c4e9788ec6487a7,001618.f2e8d4f6ed844cbe9e2f9258bbb230df.0414,001618.r5707cf1f0a6c4ca3965cca1ed6a6692c
40ed5c597c8f4787abe3d7ed74c26873,000942.d97e00c2e2e846d186da0b7192eae97e.1233,000942.r9d8031a3d9d843338487dbd9b734494f
c22960e9685645198b7a3bce35c857e6,001693.72a0550d24be4b7b996747a61a8e3f13.1248,001693.r51d0ee0324b94a009da849bcfed8f8fd
3ef1a64881e1480883516b01f8ef33ca,001538.43a0b5087b39409bb65720f948659673.1441,001538.r21e39f5b7cd04df9b723515e7a7773e1
5f412fc2c0f84bb8b32fd140a47b6d5b,001939.48ca4e7603a34ab794b5f2be30b9d063.0640,001939.r947106863a8b4754aff4fb785bb41c63
a9055d9d6c6d4ba390a2aee39eb2b88f,000232.c6851adc739846479a3a78847307d0c9.0642,000232.r0d1e607c97474d43a394d7c960d97467
415c916c8f3f49aba040f220aac5d31d,000014.284197b7928a4618a669ae8e7280a7cf.0931,000014.red119ccae9d7412e9f2dc0939fccf2fc
b05c6a1123334f9ca430dd80f106939a,001466.ee6cd68ac0e1436283ed29580729d95b.1323,001466.r5fced1d9ee994e6aa30517ec66ee4e67
9fc1b399152245398bed018b917649de,000857.f4416019b32c40d397ce0da2f9ce7ea5.1700,000857.r61aafdfd8436421ea61c73a8aaeb6d2b
7d38fcec057e4f209f169ce489843160,000920.33cb2e05118149b6b3e05f68398b5378.0509,000920.r4eec0068adcf4d0e9b33796bd94a10f1
5201ae43f77b4c059dfefcaa7a84b1c8,001658.579ed2868d034838bcbbdd70e540a1b6.0521,001658.r76cdfec8092b4c678aad831fa41b90c3
1e4e1d6b4ac94333bd6bbf6d2a63baca,000242.7a913091bb064349b6a86973d06146c9.0539,000242.r84361ebf725846aa99583e0799107db6
ba5c772d116643059f77f1976b4e471d,000314.006f3a3c6b4f4fa7abeaf179cc8f1418.0846,000314.rbf9ac992c5ce49eeb186e014a3051869
73ee5649a9c040639a256f03c8c6cc86,001952.246dfe818881456b9389669739da7d94.0203,001952.re4ee11279d4b426c9bc52bdd28e2a5e2
70769c2c51f1469085a22c72f222f34a,000924.cc0192dff4a040e8a8f714400a1b7f89.1717,000924.rfdae1a9d5f5f4ebc85c5241754320c87
dc617d237123438d942cbac3495984a4,001071.5ea306b201394e2eb472958c56890420.0817,001071.r3ee0bc2cd89e4a1298761e79fa584b4d
a9d89dc0a6ec44438e20d42baa727842,001730.d251ffa8a59d46309ab2a756ec82d2bb.1707,001730.rf111fa09a658410c8ca096d267a067b0
078ddacbcd1d4f5fa60d9f539f602435,000122.5fefa56462154217937c59f5b39d822b.1051,000122.rea1596a909364146a8a1d12885132cad
f25a1da42c5749999fb2a70581bb4b01,000325.94fc8c645168410c8cbfc856a35c6603.1348,000325.r5b5e5ed187974a96aef35544503d2051
3a38a9edd9934cdbb6943247d835d407,000970.e24311a096d24244960efb1ecc4a55a9.1218,000970.rab011808ec0549628bbe67cd544e8d23
52eb7f2557724fd58d7855627271a5ce,001525.c5c178e6e4c64974a49c74f13b93c5ae.1258,001525.r8376165cea204acaae6b42a649946406
ade3044a1d834111b7e947d435f06c6e,000164.bd3525d3369f4a329d1c46e4c35aafa4.0107,000164.rc62831aa5a8e4495b74c9a14d34f244a
d6f2c73a85424b3ab10b28642ce5ffa0,001240.f1186f3142bd4a73acc3223a0da9c91c.0713,001240.r9c8df482310843b38519b6b530237730
cab3151d7ac4456ebb2c4c3b9e1ec89b,000183.bee2c288768642bc88493382a25845e0.0742,000183.rc7525864cbc34039af89e9b8a54a09a8
db48952a7e154d7c86903a99ea9f8d3f,001459.0f1fac37908e4119b991a77f7526506c.0905,001459.r521f99aeb53a4d93979fcf4407cef8d9
0b429540fedb4e849a118799340159f7,001861.f65977c7db5a451596f70215d4a9a4df.1151,001861.r845bee30764b410dbd2e93824c632605
cd1388814b2b4fcc859f7ebd0f471e99,000244.5bf52d461f934ab19ba3c02683f0294c.1217,000244.r228e2ba3f16c4f97b54ef6290a33099f
7911f1f5954049e699e9f9cf7caef6b6,001361.b7e8c5b8e04e41399e8f006365403f0c.1049,001361.rc3ae3a94b5f94069ac37d5dd489d1da2
cb7ae89199214009a283bacdeabccfb8,001998.511bca8aef9c4d11afa00033af614f2c.0652,001998.r713d7a5246c748f098cf3eb01753a3fc
a45e3b3b642e4477a24e81c6a5b25993,000946.64ce33ac07214e9ab63c928087214f0e.0135,000946.r7d3fea06f64a4ce08f9b353c4d7d2625
6797ae99fa814d2ea6186cae525cd8d1,000565.418a19dc0afb4797b108cca121c71645.0850,000565.r92e71b83fe984810ac0cd28637c0225b
6fd2247ae9b64099b1c76e8d36bdad38,001261.4876436726884aedb6832c5ad1e90b91.0707,001261.raf6e6039018a4e798c4c00d2317ce0be
881c1851627c493ba591d0db8ccd0a2e,000882.37578767c4b5498c8e99d92ba8fe6cdc.0818,000882.re255c58688b84c8287fcaced2d56a045
0cd90d53770e484ea135f9396f52a1dc,001823.4bf2c9db0d1b421ab5a078b291695b87.0917,001823.r02328ba2c08f4c8e84c4764ec5a2ca70
330841b83d324fe9a1f446d645e0e463,000992.dff022825f234d3886591f7ea6e7571f.0846,000992.reab2ab2e838e4d24a1b0a847dd4f9aa3
a8055f6b1b7a44f69ea10334e9946fe2,001141.84b7728d78994575bc5899cce3d42b8b.1044,001141.r1288b60346d44c769534fbf3521894f5
fbf442ca2f4c4670b55d9bdbfa6b8740,001862.dec08ddfdd0e46e89d265c9a6496c249.1321,001862.radca9fda0651431896234d9442b29292
bbb521ffd53a458e994ac4ace51ebdad,000017.34780173b0794e51a87e0abc930061de.0734,000017.r43777b0108124d65b4e375a5104332c1
c4b783bee2b141b584324311c1c70035,000542.1412b78abc334b3091602f11d656649e.1036,000542.r42fe411706174e919a2ed3abd5800497
f0e1ff032cd448f2be7eabd82a065895,001893.d48475f3642c4e62a923edb876cee0cc.1053,001893.r67b8b2a820044832b9b8688573f5683c
01a0a585412c4d46831218dc5a1334e1,001400.fc5c9bd41b8e4d0fbff09de59e73436b.1156,001400.reae3c6dc5a404c9aa97094c542c36988
322df692d0d043c8b0943a94d740fbdd,000853.7e51541df1bc407a857753d6710365a0.1116,000853.r7a05fd5852d847cc9ff1dfd8c75759b3
1fcb0d8e3bdd415195c3512f252a2390,001686.c46284c6539449f795f2282cddac1de3.1119,001686.r247cc62e492e43f28fdcbb60ea9e0b01
f4ff1a05df9f4d398cef4368c00466ca,001150.1568c3be84c64012bb98a5250bf0f621.1144,001150.r430802ece3e44df68e4a1070967b7a30
1f33104a54f8451f8ca17aaef40e730f,000278.337a511f6d1d4075aeba69be37ffc159.2153,000278.r9de764459278442186b57da070ef301e
5bfbc864596e45b2bb8f1641c863ce74,000521.49c2156d20814b19a200589053d41477.0917,000521.rb4cd0cbc3da54f08a746e02f78782828
5289382523484a978b86d65fdc5135ac,001463.d1c63181d40c41e08fa18e07e949a233.1027,001463.r402434d8b7784fb0b7eda92ee4971691
0ed376aa1cb84589ba1efc4982073262,000243.7ff07858e09c41ce9549d34cbe725747.1133_cancel,
ddeb52d8232e414495017d2dc554bbf0,000243.7ff07858e09c41ce9549d34cbe725747.1133,000243.r8872de470f50486ca3e3b45ae1bc874b
13bdc375131c4bdba6838d5d46f168ba,001613.8397236c64b1455b9adc84c9783de4a2.1358,001613.r7e332e06dcd94431ac6ee26b7eadf0eb
20d0838cfba34d33b475f4eb3d46074d,001238.4b5b76b7d778465fbac995de892b5708.0242,001238.r883623ba639f4bd2990224af5166a3d7
c73b1859d44b4926992a21a19e6af410,000278.5b3a93e0f6fd452d83a1c29601be7d20.0916,000278.r17ff79e9d4cd42ab8208aaddbe71bdea
571b19cc00144c0b9d19037f5c83c1ba,000897.33520aabff974589bf3d8e4ef939890a.1443,000897.rfea176fcb61f48cfb5e81fb71aaa9167
95897c0cd7f24c1ea943a7f68fff6813,001105.3cf3788438684995a26e4e2b3702b5b1.0319,001105.r9e628025c94e449e8b98e163048f794b
98cc71bc6fb0404e98a2029d289b84f4,000819.5e9113e821414457823c5f18c56676da.0904,000819.rb00b8b4ab5a045bcb3a059b92acb89ba
41e3f8085797474f900edbc1a857e24f,000727.697403d834da4de38ea127bf778203ca.0935,000727.r739d274765094a96a3ad0fe3b68c894e
6e9d2c29ad7c4d0b8376b55f80f2e21b,000618.2137c16ace1b46388e7d9db8edf9ea96.1826,000618.r908a4fdf1a2f4eb4afdf91004365ae20
9721233e9a3f46669d8296a274dddfaf,001249.a6c66cda24944526ac1f2e13445371b5.1938,001249.r260405c6a3be4b06800f26cf6d4b5380
572054864f924aab90a6b88a2703b843,000228.f88a7b3c4f874fcab8b836f305777fe6.1346,000228.r6f2468a298e14af29c2fd0811c49388a
5eb49079986846eea22b612f35dd0c9f,000975.06d18b51d928408ebad481fa2e74a6ef.0846,000975.rbdaff25a136a443fbba19cf41c134ce5
3d0f6c9993cf4f31af58352702337983,001811.0ae3c0fad3cf43c6b0b901cb1a439593.1254,001811.r42c0b9f2eff74d82b028937a44089594
22cfd4a2b97c41a8b02cee7e786ba130,000150.b355b28355264711bd09b3a9a90ad779.0513,000150.r7e2225a4657f41df9e21374f6a0f2d1b
3670256c221b49bd8670f098df2c4d93,001261.14a87e56f7b14583be67dab134997f1c.1643,001261.r65f235d42f0e46bfb4e9ea9b68f89f82
e55fcdade731401d856a44588c65ffc0,001493.02f25784e83040f0bff616eb2c439c3a.0841,001493.rb45018206a8b4ec3a61a99eb08b579a8
750560f4ab28431493eb1dcb5d28d829,001842.93cf5a4894724a9db8e6bef2d3252a2c.2351,001842.r87f35b5ce144486e8522418d706c2dd0
cd42a245185f436dbb21793d1a104289,000678.d5e871a82f5044049deddcb5395f6a8b.2036,000678.ra36dc6453cd1473e9355b875d20b1e09
12ac7acf6f794c9da5bc47ad74cbc2a8,000869.afb6a819a8d44c3a82f4250aece375a1.0812,000869.r76097a8fb4d24d799bb8f63dfccdea14
ba7bedc443fe423ab352693b07a5a5fd,000643.bc36a756ae304ec09a31c0eda1b17516.0907,000643.r441e3f79f1094f0ab5f9c498ac765bcb
85012ebad364462d90d71e89b85c2505,000866.9c1ecddd0467405bbc9fe43319a0d509.0843,000866.r0f4b87d665e74537bec6da5b4e079956
6bf2f85bbc274698963fada8df11bcd6,000876.eecf7bef67244a8ea4519f0eb003b6a8.1025,000876.r6411e89e761842058bd2ce43909fba57
d67b32e4da594326b73e46e1b1923651,001370.1a788594d6e840cd83b07dd18d289e1f.1415,001370.rc257fabe99e046b7951e8cf2f7995d85
ed2c927e9fb64556a363f9efc583c3e2,001113.618d2b47c54046b9bd7b76106f800e30.0720,001113.rdce4fd35bbf04e30b41c54df051a00d8
781428567b6849158fe1ad8d7fd3d1c0,000769.8a2cc3b5a44240a4a7dd385cd7989817.0752,000769.rfe1a3fd34ae54526a517bbb5cfd671ae
e5ad894c4af049c8a680b3c0e7cfd44a,001520.d112485b5826445e88ec479467c94803.1130,001520.r6661243da1554aec9461a3f5cedda23d
f25ab7ab69b74bd797a2b4ccbc231b92,001038.d89ca822abec4137894a653118481592.2036,001038.r75bc4ba92fe74dd9a059f2d47e60b003
7bd7f1468b0a4231a9c6fada3ae61dcb,001737.fc7971e4e58444fc97ffed8b6a11ece3.0826,001737.r299729046edb4a059e88f225320a2e6a
08641aec8a044eb3a9a22276be863322,001509.3630209bb4554727a6148c82b8845d1c.1513,001509.r28ab9b8c38334523aaa654add088bcaf
573e65b2b2434d1bb5490edac28828b5,001032.c837184d1df34895adda548bb527cc0a.0922,001032.rc982df70bf384d2aa6a3690f06721392
488c9a39e83743c68af3a72e9f24909d,001041.9251255dad1945ec88f744f0b11bace1.1222,001041.r454c7dbe65394ac79919ed81849ebedb
5bda8dcb170a4992aeead721eaa0f5e5,000784.d58a7a604d8d4850b75d8ac606a436c7.2234,000784.r53f2175e83744a3d9eb7425a180fb45d
ad6916ba9abe4810bf2fbae1e918f017,000237.9403aa53b3e040d28a0189b8a40c8cb5.1449,000237.r739639f496d7494eb712c485b891ad70
16091f1dccf64b088294f3a8270e5efd,000749.730b0e2f1a17494fb90ee0a3f2613440.1657,000749.r4cd082aa8195495b9a5e93600d6ba049
c0cebda4a14a4e17a91c3acfdcd34df6,001700.339e65121f354efa94992cd95f7dc8ca.2321,001700.r82e1a671fe2a4e4f8508f417e3ea40dd
752b483ae04149409c2f038f4eee4ef2,001832.89534c808ef0494e8e4d91cf628f2f20.1446,001832.r1b7f804b35c34556853395926a63e819
749d10c641ec4856a626630853819533,001515.6b8dc694fbf34cec998e1b23314a0754.0536,001515.r77b1fe197906437290825fd8c28727b4
b508f6d15b1249bc84f12d552d14481a,000645.65a03eb845164a5aa61b465b81ed1651.0719,000645.rad759e73b3bc4bb1b69858094655b237
1875e7817bd14061ac2e928fb7f6657c,001752.f9984cddc10f4c0bbcbddb2436432cfa.1239,001752.r16ceaac95cf94d8684e35a3ce2cd200c
d0c4300630214fb78315c66cae91d590,001209.45cf92e090f9441da597a1898d2d03ef.0135,001209.r6382b4f325764ad7aac8e45d732cf67a
e53b6a3beef548cfb871df6de1e4fd06,001377.68a54463d84c46d599d060c6acf8798e.0643,001377.r0f40043dee48442b8391c753b0e99bb9
5c06398e63584f0b8bceaeb6b534b834,001310.f994ddae910246d79ce7923a940b6abc.1922,001310.r7be21843cceb4717970ffd90eeba7aa4
360869b851384c59bef9c60387fc4d26,000645.9fa4b5ffe04344ee817856d6c8379abb.1753,000645.r397463d1a67a4a40b25126329d95597f
eb72788521f54ae287adae7ee7e0ecf3,002024.bb1929f0ee544989bb05d3be6e2d649e.0454,002024.rd227ba0493ff4e2fb05a014e90adb647
93e9a1277e3e4a6aac04961a00b2d137,000451.b97d727eb2594044b3df7d741db33f61.1904,000451.rd9dce2edadf841b3a14075119011b778
ef8e91f015c146fca6231f026b0b4003,000712.5aa0e20db1bc4274b678eddc285c40cb.0534,000712.rc7a4f678cb864d60814d5d04c11341a9
edb6a82d381f4cc5bb91c4e65fb5faad,001069.e1d6e45c3c5a42c7b7d783076823b486.1446,001069.rcee5329197884a1ebe02d078357325f5
78a7d632d95a4f21874a0aaec20cd4dd,000806.141bd19af5c0491bba545af4c8b0936b.1046,000806.rd869604efd714539bd023276eb9f9e24
55c433213c114a6f8c9a17e3946f9986,001685.120c6b9e555b4e00a05bd891d4760a6b.1119,001685.r7ff0f764f4d3447e8ffaf86728d9aa2e
cb50b148d7474595aa3aa42297dbf7b5,001470.550246a82c2c4e9598f97ef7464f1d11.1338,001470.r3e11c72c5f0e45c5be8a5f2acc591252
7ab278807def4d03ad4f1f718494d917,000802.0d8852aec04d4aed92b3296598ada659.0919,000802.r382a4e69607744b7badb7f055d818f26
881992e31cb240b3b40a7f213ee0d173,001133.9a7ff2189670461ba4ad7b78a2301901.2044,001133.r155df951e3734f529bd6183213890c67
3bda43c0d3a9428d87377af406392d45,000948.e6e97522ca6448df9988a7b513ac246b.0743,000948.rbec017eb04d843e9bc9fce395cf978d1
8700be294ad2494783bd086e443c261d,001203.2f68a74fd6714c5998d39aab824c1bfc.0945,001203.r2dcd9cbcfd4e461bb2d1e35aa444476f
451ba86e98754d77bb5a62a3879d3434,001960.e814689d669641ff88aff77e425ae1f0.1059,001960.r3806a9b9b4a043a48fb37d33467c4536
d378ecc0d0324fc6909b1ea994de62f4,001178.c90768df799b45c1b3f6645ac9dcb3c2.1151,001178.r3847ae7922a64ca1a17a32c2b2b8e33c
71ebd6763056484fb4dd2a151e4f9029,000412.df8759c487ac4c4c92a4b1beb88d7a5f.0521,000412.r0754d3bd7f5c41da9eb2c92b66b8626e
2ca0e2b090f94513a037db97f1e0fca9,001352.88635d60b3cd4dc29a90a2eb8999d7fd.2015,001352.r10912dd813f140109a98502d72f118af
9bb3ef5df601454cbe976774f2cccafc,000159.b4a2124932314890be6833a2bc598d7d.1127,000159.rde5adcae2f6645ec84b3025c023945de
921a3ad675cb4c22b4cf450332d5a857,000944.b487ac0b72a6412c92c1aef6e38af002.0718,000944.r31d911432fd5444fa7ee5baf9ffa3927
d43b659755fa4855b3521fd286bd2f32,001949.09f51fccc03c4ec3bf2d312cd3c46324.1141,001949.r86efa8ce220843e08ada8c10358558db
35534245cd4c4c30a1317b86976eca64,001130.8956fc2ff3fd408aade6871a6056d337.1202,001130.r75c08a1a5cf8427dbe450ad44a99e1cf
3ebda0b2056c4d8e9153fab62b4fcde8,001016.03d9d8e6bf094b95ab897cd98cb867f8.1136,001016.rb0b15a09d7a043a1b948ad3a53faaecf
ea35fa2dc73342d6b782ce9a0fd9af3e,001064.218a137d557642d9a49bb361d7d241d0.2126,001064.r32361393ed0d4f97a8649d59799cda8f
64c5ba76d5e044d599e00c0fd95f33bc,001666.ed80eb0d7cea4920af4c20fe1f5c70e6.0617,001666.r6d535cca852048bdb43192c96da7b8d3
0de65c2ac90b44e9863cdfb91dea4feb,000593.6919a6b18e0f42b581086738b9cf7deb.1233,000593.r308f1acc59634a219e5b691b60b84fd1
9c24b6cf017546d8a0f4af7905879b4c,000804.95183d4c62de4e4b926a07c413171c52.1414,000804.r710685297e274b2f87fdf0acd8c56d08
31fc9d485d7044c6a38c9afa5fd6ba17,000118.e16addf7932b49578307ccdfe1c6072c.1112,000118.r38f7401a3daf41d8bcdc398076fbc5b5
7c9e5556c4c74126bdaa7740fbb9c018,001301.e1e11ecf7ccc4187a66a01a197c5d948.0016,001301.r6647d2334f2e4dbfa0e81025b6f0710b
dbcf3f6a980e4aa8b1334d6afe71b253,001945.78eac2d7c7a84bc1854d0f65bb1c960e.0753,001945.r5fbd06f0798b4a4aa1ed74d87deba3e4
7ca8baf10a6d42bdaced16e08cabb2d9,000234.4b11f129873944c0861fcd8fe6043238.1301,000234.ra1093fcd4ea54b57ae54c2805d0a62f6
2da3b283c868467cb6b0f1def7ef755c,000053.5363377fb14a44708abc72e2ed0d27e2.1510,000053.r946f6abb6b88400b9b2d4c0825a83222
eca54eddeb1b460ab38666d294ef7f64,000186.9722a50208544456a12035476bcf051b.0916,000186.r61b120d278ce48eba5ddbc1a7203b92a
55464148ce7c4acab76fdcbb24053f89,000945.98a0ee20dc254b9797246abbeb2ebd6d.0933,000945.rc73f966ccc09435bb9b450eda028d4ce
1c3fdbd6945b43f0a443feafe074fb21,001708.fa66425304bf4c6498935438692a894c.0357,001708.r78c02e4e8ba84428bfd4b3975bc30d7d
32fdb00f811042e9992e94af3b61006f,001321.0a7cc25999e840b4a15257f5a511bfe1.0746,001321.r5967f6851c7c4cafa028960bbcefb76f
d3518ca8fee4453b8c7596af35dca262,000599.a7708bcab53e4554a2713683d42db14f.2254,000599.r1fa46b7bac6444f8bc0c9d1b685ec49d
f0defa6a16e54a00be6cd888c8ba34be,001157.00cc658dc6674d02a85099ffecbcff92.1302,001157.ra967dfbc17a04ac192338931ddc7d4d1
de7297f59e6c465b86d4715e7a6f9f58,000343.698dc1cbf5d04b66829ec87799f8ddb6.0647,000343.r7f123fd06fa14d87a714bfa772aa3e47
12b2b7c45454468cbc70189064457d85,000160.86d9b6c4d53c4e4dab5e6bd604643d4b.1538,000160.rfae84172cc8140478312e162d0cee607
349387f97a1e4a52b5a2b11a3928fbae,001382.a55a2b010b9f4df6b7fcc9c861c8e6e5.2254,001382.r8ab9da7b0d8f424da2aadf8c0d8ac46b
53f0bdcdd0fb459f9c5d746fd42cc9ea,000214.f68bbc84919e4a24ae05dd47b52f203e.1627,000214.rbc99eb31641f49b29beb35d25e3938e8
016f95a5a7204f53b8f40a45ed90cad4,001176.b52459b8ab474042ac2b72621c87c1e2.1809,001176.r3ca39c1069244d4eb048527e7c20d402
ce9a04b65d884dc6a02cb4b7544c1b8d,000392.8604dcfc6c804ac3a81cd77f90bce4b9.0605,000392.rf7abd843c19b438985df86d35bc25f16